Apto	Andar	PisoT	PisoS	BanhT	BanhS	Cofre	Cortina	CortinaS	CortinaM	CortinaC	Espelho	EspelhoS	AC	MoveisS	MoveisD	Camas	PortaCont	Cabide	CabideQ	SuportPap	SuportSham	SuportShamS	LuminType	LuminColor	TV	Avarias
200	200	Granito	Bom estado	Reformado	Tolerável	Sim	Sim	Nova	212x180	Dois lados	Sim	Bom estado	Midea	Bom estado	[]	"[{""type"": ""Casal"", ""hasSkirt"": false, ""baseStatus"": ""Nova"", ""mattressStatus"": ""Novo""}, {""type"": ""Casal"", ""hasSkirt"": false, ""baseStatus"": ""Nova"", ""mattressStatus"": ""Novo""}]"	Sim	Sim	3	Não	Não		Quadrado	Branco	Smart Roku	Jejeb
201	200	Granito		Reformado		Não	Sim	Nova		Dois lados	Sim	Bom estado	LG	Bom estado	[]	"[{""type"": ""Casal"", ""hasSkirt"": false, ""baseColor"": ""Beje"", ""baseStatus"": ""Nova"", ""mattressColor"": ""Bege"", ""mattressStatus"": ""Novo""}, {""type"": ""Casal"", ""hasSkirt"": false, ""baseColor"": ""Rosa"", ""baseStatus"": ""Nova"", ""mattressStatus"": ""Novo""}]"	Sim	Sim	3	Sim	Não		Quadrado	Branco	Philco	
202	200	Granito	Bom estado	Reformado	Reparo urgente	Sim	Sim	Nova		Dois lados	Sim	Bom estado	LG	Bom estado	[]	"[{""type"": ""Casal"", ""hasSkirt"": true, ""baseStatus"": ""Nova"", ""skirtColor"": ""Cinza"", ""mattressStatus"": ""Novo""}, {""type"": ""Casal"", ""hasSkirt"": false, ""baseStatus"": ""Nova"", ""skirtColor"": ""Cinza"", ""mattressStatus"": ""Novo""}]"	Sim	Sim	2	Sim	Não		Quadrado	Branco	Toshiba	
203	200	Granito	Bom estado	Reformado		Sim	Sim	Nova	Medida correta 2,10	Dois lados	Sim	Bom estado	Midea	Bom estado	[]	"[{""type"": ""Casal"", ""hasSkirt"": false, ""baseColor"": ""Beje"", ""baseStatus"": ""Nova"", ""skirtColor"": ""Verde"", ""mattressColor"": ""Cinza"", ""mattressStatus"": ""Novo""}, {""type"": ""Casal"", ""hasSkirt"": false, ""baseColor"": ""Beje"", ""baseStatus"": ""Nova"", ""skirtColor"": ""Cinza"", ""mattressColor"": ""Bege"", ""mattressStatus"": ""Novo""}]"	Sim	Sim	3	Sim	Não		Quadrado	Branco	Toshiba	
204	200	Madeira	Tolerável			Sim	Não				Não			Danificado	"[""Guarda Roupa""]"	"[{""type"": ""Casal"", ""hasSkirt"": false, ""baseStatus"": ""Nova"", ""mattressStatus"": ""Novo""}, {""type"": ""Casal"", ""hasSkirt"": false, ""baseStatus"": ""Nova"", ""mattressStatus"": ""Novo""}]"	Não	Sim	10	Não	Não					
205	200	Granito	Bom estado	Reformado		Sim	Não				Sim	Bom estado	LG	Bom estado	[]	"[{""type"": ""Casal"", ""hasSkirt"": true, ""baseStatus"": ""Nova"", ""skirtColor"": ""Verde"", ""mattressStatus"": ""Novo""}, {""type"": ""Casal"", ""hasSkirt"": true, ""baseStatus"": ""Nova"", ""skirtColor"": ""Verde"", ""mattressStatus"": ""Novo""}]"	Sim	Sim	4	Sim	Não		Quadrado	Branco	Toshiba	
206	200	Granito		Reformado		Sim	Sim	Nova		Dois lados	Sim	Bom estado	LG	Bom estado	[]	"[{""type"": ""Casal"", ""hasSkirt"": false, ""baseColor"": ""Beje"", ""baseStatus"": ""Nova"", ""mattressStatus"": ""Novo""}, {""type"": ""Casal"", ""hasSkirt"": false, ""baseColor"": ""Beje"", ""baseStatus"": ""Nova"", ""mattressColor"": ""Bege"", ""mattressStatus"": ""Novo""}]"	Sim	Sim	3	Sim	Não		Arandela		Philco	
207	200	Granito	Bom estado	Reformado		Sim	Sim	Nova	212x180	Dois lados	Sim	Bom estado	LG	Bom estado	[]	"[{""type"": ""Casal"", ""hasSkirt"": false, ""baseStatus"": ""Nova"", ""mattressStatus"": ""Novo""}, {""type"": ""Casal"", ""hasSkirt"": false, ""baseStatus"": ""Nova"", ""mattressStatus"": ""Novo""}]"	Sim	Sim	4	Não	Não		Quadrado	Branco	Smart Roku	
208	200	Granito		Reformado		Sim	Sim	Nova		Dois lados	Sim	Bom estado	LG	Bom estado	[]	"[{""type"": ""Casal"", ""hasSkirt"": false, ""baseColor"": ""Cinza"", ""baseStatus"": ""Nova"", ""mattressColor"": ""Cinza"", ""mattressStatus"": ""Novo""}, {""type"": ""Casal"", ""hasSkirt"": false, ""baseStatus"": ""Nova"", ""mattressStatus"": ""Novo""}]"	Sim	Sim	3	Sim	Não		Arandela		Philco	
209	200	Granito		Reformado		Sim	Sim	Nova		Dois lados	Sim	Bom estado	LG	Bom estado	[]	"[{""type"": ""Casal"", ""hasSkirt"": false, ""baseColor"": ""Beje"", ""baseStatus"": ""Nova"", ""mattressColor"": ""Bege"", ""mattressStatus"": ""Novo""}, {""type"": ""Casal"", ""hasSkirt"": false, ""baseColor"": ""Beje"", ""baseStatus"": ""Nova"", ""mattressColor"": ""Bege"", ""mattressStatus"": ""Novo""}]"	Sim	Sim	4	Sim	Não		Arandela		Philco	
210	200	Granito		Reformado		Sim	Sim	Nova		Um lado	Sim	Bom estado	LG	Bom estado	[]	"[{""type"": ""Casal"", ""hasSkirt"": false, ""baseStatus"": ""Nova"", ""skirtColor"": ""Verde"", ""mattressStatus"": ""Novo""}, {""type"": ""Casal"", ""hasSkirt"": false, ""baseColor"": ""Rosa"", ""baseStatus"": ""Nova"", ""skirtColor"": ""Verde"", ""mattressStatus"": ""Novo""}]"	Sim	Sim	4	Sim	Não		Arandela		Philco	
211	200	Granito	Bom estado	Reformado		Sim	Não				Sim	Bom estado	LG	Bom estado	[]	"[{""type"": ""Casal"", ""hasSkirt"": true, ""baseStatus"": ""Nova"", ""skirtColor"": ""Verde"", ""mattressStatus"": ""Novo""}, {""type"": ""Casal"", ""hasSkirt"": true, ""baseColor"": ""Cinza"", ""baseStatus"": ""Nova"", ""skirtColor"": ""Verde"", ""mattressColor"": ""Cinza"", ""mattressStatus"": ""Novo""}]"	Sim	Sim	3	Sim	Não	Bom estado	Quadrado	Branco	Philco	
212	200	Granito		Reformado		Sim	Sim	Nova	Medida correta 2,05	Dois lados	Sim	Bom estado	LG	Bom estado	[]	"[{""type"": ""Casal"", ""hasSkirt"": false, ""baseStatus"": ""Nova"", ""mattressColor"": ""Bege"", ""mattressStatus"": ""Novo""}, {""type"": ""Casal"", ""hasSkirt"": false, ""baseColor"": ""Beje"", ""baseStatus"": ""Nova"", ""mattressColor"": ""Bege"", ""mattressStatus"": ""Novo""}]"	Sim	Sim	3	Sim	Não	Bom estado	Quadrado	Branco	Toshiba	
213	200	Granito		Reformado		Sim	Não				Sim	Bom estado	LG	Bom estado	[]	"[{""type"": ""Casal"", ""hasSkirt"": true, ""baseColor"": ""Beje"", ""baseStatus"": ""Antiga"", ""skirtColor"": ""Verde"", ""mattressColor"": ""Bege"", ""mattressStatus"": ""Antigo""}, {""type"": ""Casal"", ""hasSkirt"": true, ""baseColor"": ""Branca"", ""baseStatus"": ""Antiga"", ""skirtColor"": ""Verde"", ""mattressColor"": ""Bege"", ""mattressStatus"": ""Antigo""}]"	Sim	Sim	3	Sim	Sim	Bom estado	Arandela		Philco	
214	200	Granito		Reformado		Sim	Sim	Nova	Medida correta 2,22	Dois lados	Sim	Bom estado	LG	Bom estado	[]	"[{""type"": ""Casal"", ""hasSkirt"": true, ""baseStatus"": ""Nova"", ""skirtColor"": ""Verde"", ""mattressColor"": ""Bege"", ""mattressStatus"": ""Novo""}, {""type"": ""Casal"", ""hasSkirt"": false, ""baseColor"": ""Cinza"", ""baseStatus"": ""Nova"", ""skirtColor"": ""Verde"", ""mattressColor"": ""Bege"", ""mattressStatus"": ""Novo""}]"	Sim	Sim	3	Sim	Não	Bom estado	Quadrado	Branco	Toshiba	
215	200	Granito		Reformado		Sim	Sim	Nova		Dois lados	Sim	Bom estado	LG	Bom estado	[]	"[{""type"": ""Casal"", ""hasSkirt"": true, ""baseColor"": ""Cinza"", ""baseStatus"": ""Nova"", ""skirtColor"": ""Verde"", ""mattressColor"": ""Bege"", ""mattressStatus"": ""Novo""}, {""type"": ""Casal"", ""hasSkirt"": true, ""baseColor"": ""Cinza"", ""baseStatus"": ""Nova"", ""skirtColor"": ""Verde"", ""mattressColor"": ""Cinza"", ""mattressStatus"": ""Novo""}]"	Sim	Sim	3	Sim	Não	Bom estado	Quadrado	Branco	Philco	
216	200	Granito		Reformado		Sim	Sim	Nova		Dois lados	Sim	Bom estado	LG	Bom estado	[]	"[{""type"": ""Casal"", ""hasSkirt"": true, ""baseColor"": ""Rosa"", ""baseStatus"": ""Nova"", ""skirtColor"": ""Verde"", ""mattressColor"": ""Cinza"", ""mattressStatus"": ""Novo""}, {""type"": ""Casal"", ""hasSkirt"": true, ""baseColor"": ""Rosa"", ""baseStatus"": ""Nova"", ""skirtColor"": ""Verde"", ""mattressColor"": ""Rosa"", ""mattressStatus"": ""Novo""}]"	Sim	Sim	4	Sim	Não	Bom estado	Quadrado	Branco	Toshiba	
217	200	Granito		Reformado		Sim	Sim	Nova		Dois lados	Sim	Bom estado	LG	Bom estado	[]	"[{""type"": ""Casal"", ""hasSkirt"": false, ""baseColor"": ""Cinza"", ""baseStatus"": ""Nova"", ""mattressColor"": ""Cinza"", ""mattressStatus"": ""Novo""}, {""type"": ""Casal"", ""hasSkirt"": false, ""baseColor"": ""Cinza"", ""baseStatus"": ""Nova"", ""mattressStatus"": ""Novo""}]"	Sim	Sim	4	Sim	Sim	Bom estado	Arandela		Philco	
218	200	Granito		Reformado		Sim	Sim	Nova		Dois lados	Sim	Bom estado	Midea	Bom estado	[]	"[{""type"": ""Casal"", ""hasSkirt"": false, ""baseColor"": ""Rosa"", ""baseStatus"": ""Antiga"", ""skirtColor"": ""Verde"", ""mattressColor"": ""Rosa"", ""mattressStatus"": ""Antigo""}, {""type"": ""Casal"", ""hasSkirt"": true, ""baseColor"": ""Rosa"", ""baseStatus"": ""Antiga"", ""skirtColor"": ""Verde"", ""mattressColor"": ""Cinza"", ""mattressStatus"": ""Novo""}]"	Sim	Sim	2	Sim	Não	Bom estado	Quadrado	Branco	Toshiba	
219	200	Granito		Reformado		Sim	Sim	Nova		Dois lados	Sim	Bom estado	Midea	Bom estado	[]	"[{""type"": ""Casal"", ""hasSkirt"": true, ""baseColor"": ""Rosa"", ""baseStatus"": ""Antiga"", ""skirtColor"": ""Verde"", ""mattressColor"": ""Rosa"", ""mattressStatus"": ""Antigo""}, {""type"": ""Casal"", ""hasSkirt"": true, ""baseColor"": ""Beje"", ""baseStatus"": ""Antiga"", ""skirtColor"": ""Verde"", ""mattressColor"": ""Bege"", ""mattressStatus"": ""Antigo""}]"	Sim	Sim	4	Sim	Sim	Bom estado	Arandela		Philco	
220	200	Granito	Bom estado	Reformado		Sim	Sim	Nova		Dois lados	Sim	Bom estado	Midea	Bom estado	[]	"[{""type"": ""Casal"", ""hasSkirt"": true, ""baseColor"": ""Rosa"", ""baseStatus"": ""Antiga"", ""skirtColor"": ""Verde"", ""mattressColor"": ""Rosa"", ""mattressStatus"": ""Antigo""}, {""type"": ""Casal"", ""hasSkirt"": true, ""baseColor"": ""Rosa"", ""baseStatus"": ""Antiga"", ""skirtColor"": ""Verde"", ""mattressColor"": ""Rosa"", ""mattressStatus"": ""Antigo""}]"	Não	Sim	4	Sim	Não		Quadrado	Branco	Toshiba	
221	200	Granito		Reformado		Sim	Sim	Nova		Um lado	Sim	Bom estado	Midea	Bom estado	[]	"[{""type"": ""Casal"", ""hasSkirt"": false, ""baseColor"": ""Beje"", ""baseStatus"": ""Antiga"", ""skirtColor"": ""Cinza"", ""mattressColor"": ""Bege"", ""mattressStatus"": ""Antigo""}, {""type"": ""Casal"", ""hasSkirt"": true, ""baseColor"": ""Beje"", ""baseStatus"": ""Antiga"", ""skirtColor"": ""Verde"", ""mattressColor"": ""Bege"", ""mattressStatus"": ""Antigo""}]"	Sim	Sim	1	Sim	Sim	Bom estado	Arandela		Philco	
222	200	Granito	Bom estado	Reformado		Sim	Sim	Nova		Dois lados	Sim	Bom estado	Midea	Bom estado	[]	"[{""type"": ""Casal"", ""hasSkirt"": false, ""baseColor"": ""Beje"", ""baseStatus"": ""Antiga"", ""skirtColor"": ""Cinza"", ""mattressColor"": ""Bege"", ""mattressStatus"": ""Antigo""}, {""type"": ""Casal"", ""hasSkirt"": false, ""baseColor"": ""Beje"", ""baseStatus"": ""Antiga"", ""skirtColor"": ""Verde"", ""mattressColor"": ""Rosa"", ""mattressStatus"": ""Antigo""}]"	Sim	Sim	4	Sim	Não	Bom estado	Quadrado	Branco	Toshiba	
223	200	Granito		Reformado		Sim	Sim	Nova		Dois lados	Sim	Bom estado	Midea	Bom estado	[]	"[{""type"": ""Casal"", ""hasSkirt"": true, ""baseColor"": ""Beje"", ""baseStatus"": ""Nova"", ""skirtColor"": ""Verde"", ""mattressColor"": ""Bege"", ""mattressStatus"": ""Novo""}, {""type"": ""Casal"", ""hasSkirt"": true, ""baseColor"": ""Beje"", ""baseStatus"": ""Antiga"", ""skirtColor"": ""Cinza"", ""mattressColor"": ""Cinza"", ""mattressStatus"": ""Novo""}]"	Sim	Sim	4	Sim	Sim	Bom estado	Arandela		Philco	
224	200	Granito	Bom estado	Reformado		Sim	Sim		240x180	Dois lados	Sim	Bom estado	Midea	Bom estado	[]	"[{""type"": ""Casal"", ""hasSkirt"": true, ""baseColor"": ""Cinza"", ""baseStatus"": ""Nova"", ""skirtColor"": ""Verde"", ""mattressStatus"": ""Novo""}, {""type"": ""Casal"", ""hasSkirt"": true, ""baseColor"": ""Rosa"", ""baseStatus"": ""Antiga"", ""skirtColor"": ""Verde"", ""mattressStatus"": ""Novo""}]"	Sim	Sim	4	Não	Não		Quadrado	Branco	Toshiba	
225	200	Granito	Bom estado	Reformado		Sim	Sim		240x180	Dois lados	Sim	Bom estado	Midea	Bom estado	[]	"[{""type"": ""Casal"", ""hasSkirt"": true, ""baseColor"": ""Rosa"", ""baseStatus"": ""Antiga"", ""skirtColor"": ""Verde"", ""mattressColor"": ""Bege"", ""mattressStatus"": ""Antigo""}, {""type"": ""Casal"", ""hasSkirt"": true, ""baseColor"": ""Rosa"", ""baseStatus"": ""Antiga"", ""skirtColor"": ""Verde"", ""mattressColor"": ""Rosa"", ""mattressStatus"": ""Antigo""}]"	Sim	Sim	3	Não	Não		Quadrado	Branco	Samsung	
226	200	Granito		Reformado		Sim	Não				Sim	Bom estado	Midea	Bom estado	[]	"[{""type"": ""Casal"", ""hasSkirt"": true, ""baseColor"": ""Beje"", ""baseStatus"": ""Antiga"", ""skirtColor"": ""Verde"", ""mattressColor"": ""Bege"", ""mattressStatus"": ""Antigo""}, {""type"": ""Casal"", ""hasSkirt"": true, ""baseColor"": ""Beje"", ""baseStatus"": ""Antiga"", ""skirtColor"": ""Verde"", ""mattressColor"": ""Bege"", ""mattressStatus"": ""Antigo""}]"	Sim	Sim	4	Sim	Sim	Bom estado	Arandela		Philco	
227	200	Granito	Bom estado	Reformado		Sim	Sim	Nova	240x180	Dois lados	Sim	Bom estado	Midea	Bom estado	[]	"[{""type"": ""Casal"", ""hasSkirt"": false, ""baseColor"": ""Rosa"", ""baseStatus"": ""Antiga"", ""mattressColor"": ""Bege"", ""mattressStatus"": ""Antigo""}, {""type"": ""Casal"", ""hasSkirt"": true, ""baseColor"": ""Rosa"", ""baseStatus"": ""Antiga"", ""skirtColor"": ""Verde"", ""mattressColor"": ""Rosa"", ""mattressStatus"": ""Antigo""}]"	Sim	Sim	3	Não	Não		Quadrado	Branco	Smart Roku	
228	200	Granito	Bom estado	Reformado		Sim	Sim	Nova		Dois lados	Sim	Manchado	Midea	Bom estado	[]	"[{""type"": ""Casal"", ""hasSkirt"": false, ""baseStatus"": ""Nova"", ""mattressStatus"": ""Novo""}, {""type"": ""Casal"", ""hasSkirt"": false, ""baseStatus"": ""Nova"", ""mattressStatus"": ""Novo""}]"	Sim	Sim	4	Sim	Não		Quadrado	Branco	Toshiba	
229	200	Granito		Reformado		Sim	Sim	Nova		Dois lados	Sim	Bom estado	Midea	Bom estado	[]	"[{""type"": ""Casal"", ""hasSkirt"": false, ""baseColor"": ""Rosa"", ""baseStatus"": ""Antiga"", ""mattressColor"": ""Rosa"", ""mattressStatus"": ""Antigo""}, {""type"": ""Casal"", ""hasSkirt"": true, ""baseColor"": ""Beje"", ""baseStatus"": ""Antiga"", ""skirtColor"": ""Cinza"", ""mattressColor"": ""Bege"", ""mattressStatus"": ""Antigo""}]"	Sim	Sim	4	Sim	Sim	Bom estado	Arandela		Philco	
230	200	Granito	Bom estado	Reformado		Não	Sim	Nova	240x180	Dois lados	Sim	Bom estado	Midea	Bom estado	[]	"[{""type"": ""Casal"", ""hasSkirt"": true, ""baseColor"": ""Beje"", ""baseStatus"": ""Antiga"", ""skirtColor"": ""Verde"", ""mattressColor"": ""Rosa"", ""mattressStatus"": ""Antigo""}, {""type"": ""Casal"", ""hasSkirt"": true, ""baseColor"": ""Amarela"", ""baseStatus"": ""Antiga"", ""skirtColor"": ""Verde"", ""mattressColor"": ""Bege"", ""mattressStatus"": ""Antigo""}]"	Sim	Sim	3	Não	Não		Quadrado	Branco	Toshiba	
231	200	Granito		Reformado		Sim	Sim	Nova		Dois lados	Sim	Bom estado	Midea	Bom estado	[]	"[{""type"": ""Casal"", ""hasSkirt"": true, ""baseColor"": ""Beje"", ""baseStatus"": ""Antiga"", ""skirtColor"": ""Cinza"", ""mattressColor"": ""Rosa"", ""mattressStatus"": ""Antigo""}, {""type"": ""Casal"", ""hasSkirt"": true, ""baseColor"": ""Beje"", ""baseStatus"": ""Antiga"", ""skirtColor"": ""Verde"", ""mattressColor"": ""Rosa"", ""mattressStatus"": ""Novo""}]"	Sim	Sim	4	Sim	Sim	Bom estado	Arandela		Philco	
232	200	Madeira		Reformado		Sim	Sim	Nova		Um lado	Sim	Bom estado	Midea	Bom estado	[]	"[{""type"": ""Casal"", ""hasSkirt"": false, ""baseColor"": ""Rosa"", ""baseStatus"": ""Antiga"", ""mattressColor"": ""Rosa"", ""mattressStatus"": ""Antigo""}, {""type"": ""Casal"", ""hasSkirt"": false, ""baseColor"": ""Beje"", ""baseStatus"": ""Antiga"", ""mattressColor"": ""Rosa"", ""mattressStatus"": ""Antigo""}]"	Sim	Sim	4	Sim	Sim	Bom estado	Arandela		Philco	
233	200	Madeira	Reparo urgente	Reformado		Sim	Sim	Nova	240x180	Dois lados	Sim	Bom estado	Midea	Danificado	"[""Guarda Roupa""]"	"[{""type"": ""Casal"", ""hasSkirt"": false, ""baseColor"": ""Beje"", ""baseStatus"": ""Antiga"", ""mattressColor"": ""Rosa"", ""mattressStatus"": ""Antigo""}, {""type"": ""Casal"", ""hasSkirt"": true, ""baseColor"": ""Rosa"", ""baseStatus"": ""Antiga"", ""skirtColor"": ""Verde"", ""mattressColor"": ""Bege"", ""mattressStatus"": ""Antigo""}]"	Sim	Sim	3	Não	Não		Quadrado	Branco	Toshiba	
300	300	Madeira	Bom estado	Reformado		Sim	Sim	Nova	Boa 	Dois lados	Sim	Bom estado	LG	Bom estado	[]	"[{""type"": ""Casal"", ""hasSkirt"": false, ""baseColor"": ""Rosa"", ""baseStatus"": ""Antiga"", ""mattressColor"": ""Bege"", ""mattressStatus"": ""Antigo""}, {""type"": ""Solteiro"", ""hasSkirt"": false, ""baseColor"": ""Rosa"", ""baseStatus"": ""Antiga"", ""mattressColor"": ""Rosa"", ""mattressStatus"": ""Antigo""}, {""type"": ""Solteiro"", ""hasSkirt"": false, ""baseColor"": ""Rosa"", ""baseStatus"": ""Antiga"", ""mattressColor"": ""Rosa"", ""mattressStatus"": ""Antigo""}]"	Sim	Sim	3	Sim	Sim	Bom estado	Vidro		Toshiba	
301	300	Madeira	Bom estado	Antigo	Tolerável	Sim	Sim	Nova	Boa	Um lado	Sim	Bom estado	LG	Bom estado	[]	"[{""type"": ""Casal"", ""hasSkirt"": true, ""baseColor"": ""Cinza"", ""baseStatus"": ""Antiga"", ""skirtColor"": ""Cinza"", ""mattressStatus"": ""Novo""}, {""type"": ""Solteiro"", ""hasSkirt"": false, ""baseColor"": ""Beje"", ""baseStatus"": ""Antiga"", ""mattressColor"": ""Bege"", ""mattressStatus"": ""Novo""}, {""type"": ""Solteiro"", ""hasSkirt"": false, ""baseColor"": ""Beje"", ""baseStatus"": ""Antiga"", ""mattressColor"": ""Bege"", ""mattressStatus"": ""Antigo""}]"	Não	Sim	2	Sim	Sim	Enferrujado	Arandela		Samsung	Avaria fotografada; Avaria fotografada
302	300	Madeira	Bom estado	Antigo	Reparo urgente	Sim	Sim	Nova	240x180	Um lado	Sim	Bom estado	LG	Bom estado	[]	"[{""type"": ""Casal"", ""hasSkirt"": true, ""baseStatus"": ""Nova"", ""skirtColor"": ""Cinza"", ""mattressColor"": ""Bege"", ""mattressStatus"": ""Antigo""}, {""type"": ""Solteiro"", ""hasSkirt"": true, ""baseStatus"": ""Nova"", ""skirtColor"": ""Cinza"", ""mattressColor"": ""Bege"", ""mattressStatus"": ""Antigo""}, {""type"": ""Solteiro"", ""hasSkirt"": true, ""baseStatus"": ""Nova"", ""skirtColor"": ""Cinza"", ""mattressColor"": ""Bege"", ""mattressStatus"": ""Antigo""}]"	Sim	Sim	3	Sim	Não		Vidro		Smart Roku	Avaria fotografada
303	300	Madeira	Tolerável	Antigo	Reparo urgente	Sim	Sim	Nova	Boa	Dois lados	Sim	Bom estado	LG	Bom estado	[]	"[{""type"": ""Casal"", ""hasSkirt"": true, ""baseColor"": ""Rosa"", ""baseStatus"": ""Antiga"", ""skirtColor"": ""Cinza"", ""mattressColor"": ""Rosa"", ""mattressStatus"": ""Antigo""}, {""type"": ""Solteiro"", ""hasSkirt"": false, ""baseColor"": ""Beje"", ""baseStatus"": ""Antiga"", ""mattressStatus"": ""Novo""}, {""type"": ""Solteiro"", ""hasSkirt"": false, ""baseColor"": ""Beje"", ""baseStatus"": ""Antiga"", ""mattressStatus"": ""Novo""}]"	Sim	Sim	3	Sim	Não		Arandela		Smart Roku	Avaria fotografada
304	300					Não	Não				Não			Danificado	"[""Guarda Roupa""]"	"[{""type"": ""Casal"", ""hasSkirt"": false, ""baseStatus"": ""Nova"", ""mattressStatus"": ""Novo""}, {""type"": ""Solteiro"", ""hasSkirt"": false, ""baseStatus"": ""Nova"", ""mattressStatus"": ""Novo""}, {""type"": ""Solteiro"", ""hasSkirt"": false, ""baseStatus"": ""Nova"", ""mattressStatus"": ""Novo""}]"	Não	Não	0	Não	Não					
305	300					Não	Não				Não			Danificado	"[""Guarda Roupa""]"	"[{""type"": ""Casal"", ""hasSkirt"": false, ""baseStatus"": ""Nova"", ""mattressStatus"": ""Novo""}, {""type"": ""Solteiro"", ""hasSkirt"": false, ""baseStatus"": ""Nova"", ""mattressStatus"": ""Novo""}, {""type"": ""Solteiro"", ""hasSkirt"": false, ""baseStatus"": ""Nova"", ""mattressStatus"": ""Novo""}]"	Não	Não	0	Não	Não					
306	300	Madeira	Tolerável	Antigo	Tolerável	Sim	Sim	Nova	212x180	Dois lados	Sim	Bom estado	LG	Bom estado	[]	"[{""type"": ""Casal"", ""hasSkirt"": false, ""baseColor"": ""Rosa"", ""baseStatus"": ""Antiga"", ""mattressColor"": ""Rosa"", ""mattressStatus"": ""Antigo""}, {""type"": ""Solteiro"", ""hasSkirt"": false, ""baseStatus"": ""Nova"", ""mattressStatus"": ""Novo""}, {""type"": ""Solteiro"", ""hasSkirt"": false, ""baseStatus"": ""Nova"", ""mattressStatus"": ""Novo""}]"	Não	Sim	3	Sim	Não		Arandela		Toshiba	Avaria fotografada
307	300	Madeira	Bom estado	Antigo	Tolerável	Sim	Sim	Antiga	otima	Dois lados	Sim	Bom estado	LG	Danificado	"[""Guarda Roupa""]"	"[{""type"": ""Casal"", ""hasSkirt"": true, ""baseColor"": ""Preta fosca"", ""baseStatus"": ""Antiga"", ""skirtColor"": ""Cinza"", ""mattressColor"": ""Bege"", ""mattressStatus"": ""Antigo""}, {""type"": ""Solteiro"", ""hasSkirt"": false, ""baseStatus"": ""Nova"", ""mattressStatus"": ""Novo""}, {""type"": ""Solteiro"", ""hasSkirt"": false, ""baseColor"": ""Beje"", ""baseStatus"": ""Antiga"", ""mattressStatus"": ""Novo""}]"	Não	Sim	2	Não	Não		Vidro		Smart Roku	
308	300	Madeira	Tolerável	Antigo	Reparo urgente	Sim	Sim	Antiga	boa	Dois lados	Sim	Bom estado	LG	Bom estado	[]	"[{""type"": ""Casal"", ""hasSkirt"": false, ""baseColor"": ""Rosa"", ""baseStatus"": ""Antiga"", ""skirtColor"": ""Cinza"", ""mattressColor"": ""Rosa"", ""mattressStatus"": ""Antigo""}, {""type"": ""Solteiro"", ""hasSkirt"": false, ""baseColor"": ""Rosa"", ""baseStatus"": ""Antiga"", ""mattressColor"": ""Cinza"", ""mattressStatus"": ""Novo""}, {""type"": ""Solteiro"", ""hasSkirt"": false, ""baseStatus"": ""Nova"", ""mattressStatus"": ""Novo""}]"	Sim	Sim	3	Não	Não		Vidro		Smart Roku	Avaria fotografada; Avaria fotografada
309	300	Granito	Bom estado	Reformado	Tolerável	Sim	Sim	Antiga	boa	Dois lados	Sim	Bom estado	LG	Bom estado	[]	"[{""type"": ""Casal"", ""hasSkirt"": false, ""baseColor"": ""Rosa"", ""baseStatus"": ""Antiga"", ""mattressColor"": ""Bege"", ""mattressStatus"": ""Novo""}, {""type"": ""Solteiro"", ""hasSkirt"": false, ""baseStatus"": ""Nova"", ""mattressStatus"": ""Novo""}, {""type"": ""Solteiro"", ""hasSkirt"": false, ""baseColor"": ""Beje"", ""baseStatus"": ""Antiga"", ""mattressStatus"": ""Novo""}]"	Não	Sim	3	Sim	Sim	Bom estado	Quadrado	Branco	Toshiba	
310	300	Granito		Antigo	Tolerável	Sim	Sim	Antiga	boa	Dois lados	Sim	Bom estado	LG	Bom estado	[]	"[{""type"": ""Casal"", ""hasSkirt"": false, ""baseStatus"": ""Nova"", ""mattressStatus"": ""Novo""}, {""type"": ""Solteiro"", ""hasSkirt"": false, ""baseStatus"": ""Nova"", ""mattressStatus"": ""Novo""}, {""type"": ""Solteiro"", ""hasSkirt"": false, ""baseStatus"": ""Nova"", ""mattressStatus"": ""Novo""}]"	Sim	Sim	3	Não	Sim	Bom estado	Quadrado	Branco	Philco	
311	300	Madeira	Tolerável	Antigo	Reparo urgente	Não	Sim	Nova	Grande	Um lado	Sim	Bom estado	LG	Bom estado	[]	"[{""type"": ""Casal"", ""hasSkirt"": true, ""baseColor"": ""Rosa"", ""baseStatus"": ""Antiga"", ""skirtColor"": ""Cinza"", ""mattressStatus"": ""Novo""}, {""type"": ""Solteiro"", ""hasSkirt"": false, ""baseStatus"": ""Nova"", ""mattressColor"": ""Bege"", ""mattressStatus"": ""Antigo""}, {""type"": ""Solteiro"", ""hasSkirt"": false, ""baseColor"": ""Beje"", ""baseStatus"": ""Antiga"", ""mattressColor"": ""Bege"", ""mattressStatus"": ""Antigo""}]"	Sim	Sim	3	Sim	Sim	Bom estado	Arandela		Smart Roku	Avaria fotografada; Avaria fotografada
312	300	Granito		Reformado		Não	Não				Sim	Bom estado	LG	Bom estado	[]	"[{""type"": ""Casal"", ""hasSkirt"": false, ""baseStatus"": ""Nova"", ""mattressStatus"": ""Novo""}, {""type"": ""Solteiro"", ""hasSkirt"": false, ""baseStatus"": ""Nova"", ""mattressStatus"": ""Novo""}, {""type"": ""Solteiro"", ""hasSkirt"": false, ""baseStatus"": ""Nova"", ""mattressStatus"": ""Novo""}]"	Sim	Sim	3	Não	Sim	Bom estado				
313	300	Granito	Bom estado	Reformado	Tolerável	Sim	Não				Sim	Bom estado	LG	Danificado	"[""Guarda Roupa""]"	"[{""type"": ""Casal"", ""hasSkirt"": true, ""baseStatus"": ""Nova"", ""skirtColor"": ""Cinza"", ""mattressColor"": ""Cinza"", ""mattressStatus"": ""Novo""}, {""type"": ""Solteiro"", ""hasSkirt"": false, ""baseColor"": ""Beje"", ""baseStatus"": ""Antiga"", ""mattressColor"": ""Cinza"", ""mattressStatus"": ""Novo""}, {""type"": ""Solteiro"", ""hasSkirt"": false, ""baseColor"": ""Beje"", ""baseStatus"": ""Nova"", ""mattressColor"": ""Cinza"", ""mattressStatus"": ""Novo""}]"	Sim	Sim	3	Não	Sim	Bom estado	Quadrado	Branco	Toshiba	Avaria fotografada; Avaria fotografada
314	300	Madeira	Tolerável	Reformado		Sim	Sim	Nova	212x180	Um lado	Sim	Bom estado	LG	Danificado	"[""Guarda Roupa""]"	"[{""type"": ""Casal"", ""hasSkirt"": false, ""baseColor"": ""Beje"", ""baseStatus"": ""Nova"", ""skirtColor"": ""Cinza"", ""mattressColor"": ""Bege"", ""mattressStatus"": ""Antigo""}, {""type"": ""Solteiro"", ""hasSkirt"": false, ""baseStatus"": ""Nova"", ""mattressColor"": ""Bege"", ""mattressStatus"": ""Antigo""}, {""type"": ""Solteiro"", ""hasSkirt"": false, ""baseColor"": ""Beje"", ""baseStatus"": ""Nova"", ""mattressColor"": ""Rosa"", ""mattressStatus"": ""Antigo""}]"	Sim	Sim	3	Não	Sim	Bom estado	Vidro		Toshiba	
315	300	Granito		Reformado		Sim	Não				Sim	Bom estado	LG	Bom estado	[]	"[{""type"": ""Casal"", ""hasSkirt"": false, ""baseStatus"": ""Nova"", ""mattressColor"": ""Cinza"", ""mattressStatus"": ""Antigo""}, {""type"": ""Solteiro"", ""hasSkirt"": false, ""baseStatus"": ""Nova"", ""mattressStatus"": ""Novo""}, {""type"": ""Solteiro"", ""hasSkirt"": false, ""baseStatus"": ""Nova"", ""mattressStatus"": ""Novo""}]"	Sim	Sim	3	Não	Sim		Vidro			
316	300	Madeira	Reparo urgente	Antigo	Reparo urgente	Não	Sim	Antiga	muito grande	Um lado	Sim	Bom estado	LG	Bom estado	[]	"[{""type"": ""Casal"", ""hasSkirt"": false, ""baseStatus"": ""Nova"", ""mattressStatus"": ""Novo""}, {""type"": ""Solteiro"", ""hasSkirt"": false, ""baseStatus"": ""Nova"", ""mattressStatus"": ""Novo""}, {""type"": ""Solteiro"", ""hasSkirt"": false, ""baseStatus"": ""Nova"", ""mattressStatus"": ""Novo""}]"	Não	Sim	3	Não	Sim	Bom estado	Quadrado	Branco	Smart Roku	
317	300	Madeira	Tolerável	Reformado		Sim	Sim		boa	Um lado	Sim	Bom estado	LG	Bom estado	[]	"[{""type"": ""Casal"", ""hasSkirt"": true, ""baseStatus"": ""Nova"", ""skirtColor"": ""Cinza"", ""mattressColor"": ""Cinza"", ""mattressStatus"": ""Antigo""}, {""type"": ""Solteiro"", ""hasSkirt"": false, ""baseStatus"": ""Nova"", ""mattressStatus"": ""Novo""}, {""type"": ""Solteiro"", ""hasSkirt"": false, ""baseStatus"": ""Nova"", ""mattressStatus"": ""Novo""}]"	Sim	Sim	3	Não	Sim	Bom estado	Vidro			porta do banheiro
318	300	Madeira	Reparo urgente	Antigo	Tolerável	Não	Sim	Nova	240x180	Dois lados	Sim	Bom estado	Midea	Bom estado	[]	"[{""type"": ""Casal"", ""hasSkirt"": false, ""baseColor"": ""Rosa"", ""baseStatus"": ""Antiga"", ""mattressColor"": ""Rosa"", ""mattressStatus"": ""Novo""}, {""type"": ""Solteiro"", ""hasSkirt"": false, ""baseColor"": ""Rosa"", ""baseStatus"": ""Antiga"", ""mattressColor"": ""Bege"", ""mattressStatus"": ""Antigo""}, {""type"": ""Solteiro"", ""hasSkirt"": false, ""baseColor"": ""Rosa"", ""baseStatus"": ""Antiga"", ""mattressStatus"": ""Novo""}]"	Não	Sim	3	Sim	Não		Quadrado	Branco	Toshiba	
319	300	Madeira	Reparo urgente	Antigo	Tolerável	Não	Sim	Nova	220x180	Um lado	Sim	Bom estado	Midea	Bom estado	[]	"[{""type"": ""Casal"", ""hasSkirt"": false, ""baseColor"": ""Beje"", ""baseStatus"": ""Antiga"", ""mattressColor"": ""Bege"", ""mattressStatus"": ""Antigo""}, {""type"": ""Solteiro"", ""hasSkirt"": false, ""baseColor"": ""Rosa"", ""baseStatus"": ""Antiga"", ""mattressStatus"": ""Novo""}, {""type"": ""Solteiro"", ""hasSkirt"": false, ""baseColor"": ""Rosa"", ""baseStatus"": ""Antiga"", ""mattressColor"": ""Bege"", ""mattressStatus"": ""Antigo""}]"	Não	Sim	2	Sim	Não		Vidro		Toshiba	
320	300	Granito	Bom estado	Reformado		Não	Sim	Nova	220x180	Dois lados	Sim	Bom estado	Midea	Bom estado	[]	"[{""type"": ""Casal"", ""hasSkirt"": false, ""baseColor"": ""Rosa"", ""baseStatus"": ""Antiga"", ""mattressColor"": ""Bege"", ""mattressStatus"": ""Novo""}, {""type"": ""Solteiro"", ""hasSkirt"": false, ""baseColor"": ""Cinza"", ""baseStatus"": ""Nova"", ""mattressColor"": ""Cinza"", ""mattressStatus"": ""Novo""}, {""type"": ""Solteiro"", ""hasSkirt"": false, ""baseStatus"": ""Nova"", ""skirtColor"": ""Cinza"", ""mattressColor"": ""Bege"", ""mattressStatus"": ""Antigo""}]"	Não	Sim	3	Não	Não	Bom estado	Vidro		Samsung	Avaria fotografada
321	300	Madeira	Tolerável	Antigo	Reparo urgente	Não	Sim	Antiga	212x180	Dois lados	Sim	Bom estado	Midea	Danificado	"[""Guarda Roupa""]"	"[{""type"": ""Casal"", ""hasSkirt"": true, ""baseColor"": ""Rosa"", ""baseStatus"": ""Antiga"", ""skirtColor"": ""Cinza"", ""mattressColor"": ""Rosa"", ""mattressStatus"": ""Antigo""}, {""type"": ""Solteiro"", ""hasSkirt"": false, ""baseColor"": ""Beje"", ""baseStatus"": ""Antiga"", ""mattressColor"": ""Bege"", ""mattressStatus"": ""Antigo""}, {""type"": ""Solteiro"", ""hasSkirt"": false, ""baseColor"": ""Beje"", ""baseStatus"": ""Nova"", ""mattressColor"": ""Bege"", ""mattressStatus"": ""Novo""}]"	Não	Sim	3	Não	Não		Vidro		Toshiba	Avaria fotografada
322	300	Madeira	Tolerável	Antigo	Tolerável	Sim	Sim	Antiga	pequena	Dois lados	Sim	Bom estado	Midea	Bom estado	[]	"[{""type"": ""Casal"", ""hasSkirt"": true, ""baseColor"": ""Amarela"", ""baseStatus"": ""Antiga"", ""skirtColor"": ""Cinza"", ""mattressColor"": ""Rosa"", ""mattressStatus"": ""Antigo""}, {""type"": ""Solteiro"", ""hasSkirt"": false, ""baseStatus"": ""Nova"", ""mattressColor"": ""Bege"", ""mattressStatus"": ""Antigo""}, {""type"": ""Solteiro"", ""hasSkirt"": false, ""baseColor"": ""Rosa"", ""baseStatus"": ""Antiga"", ""mattressColor"": ""Bege"", ""mattressStatus"": ""Antigo""}]"	Não	Sim	3	Não	Não		Vidro			
323	300	Madeira	Tolerável	Antigo		Sim	Sim	Nova	pequena	Dois lados	Sim	Bom estado	Midea	Bom estado	[]	"[{""type"": ""Casal"", ""hasSkirt"": true, ""baseColor"": ""Rosa"", ""baseStatus"": ""Antiga"", ""skirtColor"": ""Cinza"", ""mattressColor"": ""Cinza"", ""mattressStatus"": ""Antigo""}, {""type"": ""Solteiro"", ""hasSkirt"": true, ""baseStatus"": ""Nova"", ""skirtColor"": ""Cinza"", ""mattressColor"": ""Cinza"", ""mattressStatus"": ""Antigo""}, {""type"": ""Solteiro"", ""hasSkirt"": false, ""baseStatus"": ""Nova"", ""mattressColor"": ""Cinza"", ""mattressStatus"": ""Antigo""}]"	Não	Sim	3	Não	Não		Quadrado	Branco		
325	300	Madeira	Tolerável	Antigo	Tolerável	Sim	Sim	Nova	240x180	Dois lados	Sim	Bom estado	Midea	Bom estado	[]	"[{""type"": ""Casal"", ""hasSkirt"": true, ""baseStatus"": ""Nova"", ""skirtColor"": ""Cinza"", ""mattressStatus"": ""Novo""}, {""type"": ""Solteiro"", ""hasSkirt"": false, ""baseStatus"": ""Nova"", ""mattressStatus"": ""Novo""}, {""type"": ""Solteiro"", ""hasSkirt"": false, ""baseStatus"": ""Nova"", ""mattressStatus"": ""Novo""}]"	Não	Sim	3	Sim	Não		Quadrado	Branco	Samsung	Avaria fotografada
326	300	Madeira	Reparo urgente	Antigo	Tolerável	Sim	Sim	Nova	muito grande	Dois lados	Sim	Bom estado	Midea	Bom estado	[]	"[{""type"": ""Casal"", ""hasSkirt"": false, ""baseStatus"": ""Nova"", ""mattressColor"": ""Bege"", ""mattressStatus"": ""Antigo""}, {""type"": ""Solteiro"", ""hasSkirt"": false, ""baseStatus"": ""Nova"", ""mattressStatus"": ""Novo""}, {""type"": ""Solteiro"", ""hasSkirt"": false, ""baseStatus"": ""Nova"", ""mattressStatus"": ""Novo""}]"	Sim	Sim	2	Não	Não		Quadrado	Preto	Philco	
327	300	Madeira	Reparo urgente	Antigo	Tolerável	Sim	Sim	Nova		Dois lados	Sim	Bom estado	Midea	Bom estado	[]	"[{""type"": ""Casal"", ""hasSkirt"": false, ""baseStatus"": ""Nova"", ""mattressStatus"": ""Novo""}, {""type"": ""Solteiro"", ""hasSkirt"": true, ""baseColor"": ""Beje"", ""baseStatus"": ""Nova"", ""skirtColor"": ""Cinza"", ""mattressColor"": ""Bege"", ""mattressStatus"": ""Antigo""}, {""type"": ""Solteiro"", ""hasSkirt"": false, ""baseStatus"": ""Nova"", ""mattressColor"": ""Cinza"", ""mattressStatus"": ""Antigo""}]"	Não	Sim	3	Não	Não		Quadrado	Branco		
328	300	Madeira	Reparo urgente	Reformado		Sim	Sim	Nova	240x180	Dois lados	Sim	Bom estado	Midea	Bom estado	[]	"[{""type"": ""Casal"", ""hasSkirt"": true, ""baseColor"": ""Rosa"", ""baseStatus"": ""Antiga"", ""skirtColor"": ""Cinza"", ""mattressColor"": ""Rosa"", ""mattressStatus"": ""Antigo""}, {""type"": ""Solteiro"", ""hasSkirt"": true, ""baseStatus"": ""Nova"", ""skirtColor"": ""Cinza"", ""mattressStatus"": ""Novo""}, {""type"": ""Solteiro"", ""hasSkirt"": true, ""baseStatus"": ""Nova"", ""skirtColor"": ""Cinza"", ""mattressStatus"": ""Novo""}]"	Sim	Sim	3	Não	Sim	Bom estado	Quadrado	Branco	Samsung	
329	300	Madeira	Reparo urgente	Reformado		Sim	Sim	Antiga		Dois lados	Sim	Bom estado	Midea	Bom estado	[]	"[{""type"": ""Casal"", ""hasSkirt"": false, ""baseColor"": ""Cinza"", ""baseStatus"": ""Antiga"", ""mattressColor"": ""Cinza"", ""mattressStatus"": ""Antigo""}, {""type"": ""Solteiro"", ""hasSkirt"": false, ""baseColor"": ""Cinza"", ""baseStatus"": ""Nova"", ""mattressStatus"": ""Novo""}, {""type"": ""Solteiro"", ""hasSkirt"": false, ""baseStatus"": ""Nova"", ""mattressStatus"": ""Novo""}]"	Não	Sim	2	Não	Não		Quadrado	Branco		
330	300	Madeira	Bom estado	Antigo	Tolerável	Sim	Sim	Nova	boa	Dois lados	Sim	Bom estado	Midea	Danificado	"[""Guarda Roupa""]"	"[{""type"": ""Casal"", ""hasSkirt"": false, ""baseColor"": ""Beje"", ""baseStatus"": ""Antiga"", ""mattressColor"": ""Rosa"", ""mattressStatus"": ""Antigo""}, {""type"": ""Solteiro"", ""hasSkirt"": false, ""baseStatus"": ""Nova"", ""mattressStatus"": ""Novo""}, {""type"": ""Solteiro"", ""hasSkirt"": false, ""baseColor"": ""Rosa"", ""baseStatus"": ""Antiga"", ""mattressColor"": ""Bege"", ""mattressStatus"": ""Antigo""}]"	Não	Sim	3	Não	Não		Quadrado	Branco		
331	300	Madeira	Tolerável	Antigo	Reparo urgente	Sim	Sim	Antiga	109/212	Dois lados	Sim	Bom estado	Midea	Danificado	"[""Guarda Roupa""]"	"[{""type"": ""Casal"", ""hasSkirt"": false, ""baseColor"": ""Beje"", ""baseStatus"": ""Antiga"", ""mattressColor"": ""Bege"", ""mattressStatus"": ""Novo""}, {""type"": ""Solteiro"", ""hasSkirt"": false, ""baseColor"": ""Rosa"", ""baseStatus"": ""Antiga"", ""mattressColor"": ""Bege"", ""mattressStatus"": ""Antigo""}, {""type"": ""Solteiro"", ""hasSkirt"": false, ""baseStatus"": ""Nova"", ""mattressStatus"": ""Novo""}]"	Sim	Sim	3	Não	Não		Quadrado	Branco		
332	300			Antigo	Reparo urgente	Sim	Sim	Antiga	uma grande e uma pequena 	Dois lados	Sim	Bom estado		Bom estado	[]	"[{""type"": ""Casal"", ""hasSkirt"": true, ""baseColor"": ""Beje"", ""baseStatus"": ""Antiga"", ""skirtColor"": ""Cinza"", ""mattressStatus"": ""Antigo""}, {""type"": ""Solteiro"", ""hasSkirt"": false, ""baseColor"": ""Beje"", ""baseStatus"": ""Antiga"", ""mattressStatus"": ""Novo""}, {""type"": ""Solteiro"", ""hasSkirt"": false, ""baseColor"": ""Beje"", ""baseStatus"": ""Antiga"", ""mattressStatus"": ""Novo""}]"	Não	Sim	3	Sim	Sim	Bom estado	Quadrado	Branco		
333	300	Madeira	Tolerável	Antigo	Tolerável	Sim	Sim	Antiga		Dois lados	Sim	Bom estado	Midea	Bom estado	[]	"[{""type"": ""Casal"", ""hasSkirt"": false, ""baseColor"": ""Rosa"", ""baseStatus"": ""Antiga"", ""mattressColor"": ""Rosa"", ""mattressStatus"": ""Antigo""}, {""type"": ""Solteiro"", ""hasSkirt"": false, ""baseColor"": ""Cinza"", ""baseStatus"": ""Nova"", ""mattressColor"": ""Bege"", ""mattressStatus"": ""Antigo""}, {""type"": ""Solteiro"", ""hasSkirt"": false, ""baseColor"": ""Beje"", ""baseStatus"": ""Antiga"", ""mattressColor"": ""Bege"", ""mattressStatus"": ""Antigo""}]"	Não	Sim	3	Não	Sim	Enferrujado	Quadrado	Branco		
334	300	Madeira	Tolerável	Antigo	Reparo urgente	Sim	Sim	Nova		Dois lados	Sim	Bom estado	Midea	Bom estado	[]	"[{""type"": ""Casal"", ""hasSkirt"": true, ""baseColor"": ""Beje"", ""baseStatus"": ""Antiga"", ""skirtColor"": ""Cinza"", ""mattressColor"": ""Rosa"", ""mattressStatus"": ""Antigo""}, {""type"": ""Solteiro"", ""hasSkirt"": false, ""baseStatus"": ""Nova"", ""mattressStatus"": ""Novo""}, {""type"": ""Solteiro"", ""hasSkirt"": false, ""baseStatus"": ""Nova"", ""mattressColor"": ""Bege"", ""mattressStatus"": ""Antigo""}]"	Não	Sim	3	Sim	Não		Quadrado	Branco	Smart Roku	Avaria fotografada
400	400	Madeira	Tolerável	Antigo	Tolerável	Sim	Sim	Nova	Boa	Um lado	Sim	Bom estado	LG	Danificado	"[""Guarda Roupa""]"	"[{""type"": ""Casal"", ""hasSkirt"": false, ""baseColor"": ""Beje"", ""baseStatus"": ""Antiga"", ""skirtColor"": ""Verde"", ""mattressColor"": ""Cinza"", ""mattressStatus"": ""Novo""}, {""type"": ""Solteiro"", ""hasSkirt"": true, ""baseColor"": ""Beje"", ""baseStatus"": ""Antiga"", ""skirtColor"": ""Verde"", ""mattressColor"": ""Bege"", ""mattressStatus"": ""Antigo""}, {""type"": ""Solteiro"", ""hasSkirt"": true, ""baseColor"": ""Beje"", ""baseStatus"": ""Antiga"", ""skirtColor"": ""Verde"", ""mattressColor"": ""Rosa"", ""mattressStatus"": ""Antigo""}]"	Não	Sim	1	Sim	Sim	Enferrujado	Vidro		Smart Roku	Avaria fotografada; Avaria fotografada
401	400	Madeira	Tolerável	Antigo	Tolerável	Sim	Sim	Nova	Bom 	Dois lados	Sim	Bom estado	LG	Bom estado	[]	"[{""type"": ""Casal"", ""hasSkirt"": true, ""baseColor"": ""Beje"", ""baseStatus"": ""Antiga"", ""skirtColor"": ""Verde"", ""mattressStatus"": ""Novo""}, {""type"": ""Solteiro"", ""hasSkirt"": true, ""baseColor"": ""Beje"", ""baseStatus"": ""Antiga"", ""skirtColor"": ""Verde"", ""mattressStatus"": ""Novo""}, {""type"": ""Solteiro"", ""hasSkirt"": true, ""baseColor"": ""Rosa"", ""baseStatus"": ""Antiga"", ""skirtColor"": ""Verde"", ""mattressColor"": ""Rosa"", ""mattressStatus"": ""Antigo""}]"	Não	Sim	3	Sim	Não		Vidro		Toshiba	Avaria fotografada
402	400	Madeira	Bom estado	Antigo	Tolerável	Sim	Sim	Antiga		Dois lados	Sim	Bom estado	LG	Bom estado	[]	"[{""type"": ""Casal"", ""hasSkirt"": false, ""baseColor"": ""Beje"", ""baseStatus"": ""Antiga"", ""skirtColor"": ""Verde"", ""mattressColor"": ""Bege"", ""mattressStatus"": ""Antigo""}, {""type"": ""Solteiro"", ""hasSkirt"": false, ""baseColor"": ""Rosa"", ""baseStatus"": ""Antiga"", ""mattressColor"": ""Rosa"", ""mattressStatus"": ""Antigo""}, {""type"": ""Solteiro"", ""hasSkirt"": true, ""baseColor"": ""Rosa"", ""baseStatus"": ""Antiga"", ""skirtColor"": ""Cinza"", ""mattressColor"": ""Rosa"", ""mattressStatus"": ""Novo""}]"	Não	Sim	3	Não	Não		Vidro		Philco	.; Avaria fotografada
403	400	Madeira	Tolerável	Antigo	Tolerável	Sim	Não	Antiga		Dois lados	Sim	Bom estado	LG	Bom estado	[]	"[{""type"": ""Casal"", ""hasSkirt"": true, ""baseColor"": ""Amarela"", ""baseStatus"": ""Antiga"", ""skirtColor"": ""Cinza"", ""mattressColor"": ""Cinza"", ""mattressStatus"": ""Novo""}, {""type"": ""Solteiro"", ""hasSkirt"": true, ""baseColor"": ""Beje"", ""baseStatus"": ""Antiga"", ""skirtColor"": ""Cinza"", ""mattressColor"": ""Bege"", ""mattressStatus"": ""Novo""}, {""type"": ""Solteiro"", ""hasSkirt"": true, ""baseColor"": ""Beje"", ""baseStatus"": ""Antiga"", ""skirtColor"": ""Cinza"", ""mattressColor"": ""Bege"", ""mattressStatus"": ""Antigo""}]"	Não	Sim	4	Sim	Não		Quadrado	Branco	Smart Roku	
404	400	Madeira	Tolerável	Antigo	Tolerável	Sim	Sim	Nova	Bom	Dois lados	Sim	Bom estado	LG	Bom estado	[]	"[{""type"": ""Casal"", ""hasSkirt"": false, ""baseColor"": ""Rosa"", ""baseStatus"": ""Antiga"", ""mattressColor"": ""Rosa"", ""mattressStatus"": ""Antigo""}, {""type"": ""Solteiro"", ""hasSkirt"": true, ""baseColor"": ""Rosa"", ""baseStatus"": ""Antiga"", ""skirtColor"": ""Cinza"", ""mattressColor"": ""Rosa"", ""mattressStatus"": ""Antigo""}, {""type"": ""Solteiro"", ""hasSkirt"": true, ""baseColor"": ""Rosa"", ""baseStatus"": ""Antiga"", ""skirtColor"": ""Cinza"", ""mattressColor"": ""Rosa"", ""mattressStatus"": ""Antigo""}]"	Não	Sim	3	Sim	Não		Vidro	Branco	Smart Roku	Avaria fotografada
405	400	Madeira	Tolerável	Antigo	Tolerável	Não	Não				Sim	Bom estado	LG	Bom estado	[]	"[{""type"": ""Casal"", ""hasSkirt"": true, ""baseStatus"": ""Nova"", ""skirtColor"": ""Cinza"", ""mattressStatus"": ""Novo""}, {""type"": ""Solteiro"", ""hasSkirt"": true, ""baseColor"": ""Beje"", ""baseStatus"": ""Antiga"", ""skirtColor"": ""Verde"", ""mattressColor"": ""Bege"", ""mattressStatus"": ""Antigo""}, {""type"": ""Solteiro"", ""hasSkirt"": true, ""baseColor"": ""Beje"", ""baseStatus"": ""Antiga"", ""skirtColor"": ""Cinza"", ""mattressColor"": ""Cinza"", ""mattressStatus"": ""Antigo""}]"	Não	Sim	3	Sim	Não		Vidro	Branco	Smart Roku	Avaria fotografada
406	400	Granito	Bom estado	Reformado		Sim	Sim	Nova	Sobrando 	Um lado	Sim	Bom estado	LG	Bom estado	[]	"[{""type"": ""Casal"", ""hasSkirt"": true, ""baseStatus"": ""Nova"", ""skirtColor"": ""Cinza"", ""mattressStatus"": ""Novo""}, {""type"": ""Solteiro"", ""hasSkirt"": true, ""baseStatus"": ""Nova"", ""skirtColor"": ""Cinza"", ""mattressStatus"": ""Novo""}, {""type"": ""Solteiro"", ""hasSkirt"": true, ""baseStatus"": ""Nova"", ""skirtColor"": ""Cinza"", ""mattressStatus"": ""Novo""}]"	Sim	Sim	2	Não	Sim	Bom estado	Vidro		Smart Roku	
407	400	Madeira	Tolerável	Antigo	Reparo urgente	Sim	Sim	Nova	Curta	Um lado	Sim	Bom estado	LG	Bom estado	[]	"[{""type"": ""Casal"", ""hasSkirt"": true, ""baseColor"": ""Rosa"", ""baseStatus"": ""Antiga"", ""skirtColor"": ""Cinza"", ""mattressColor"": ""Bege"", ""mattressStatus"": ""Antigo""}, {""type"": ""Solteiro"", ""hasSkirt"": true, ""baseColor"": ""Beje"", ""baseStatus"": ""Antiga"", ""skirtColor"": ""Cinza"", ""mattressColor"": ""Bege"", ""mattressStatus"": ""Antigo""}, {""type"": ""Solteiro"", ""hasSkirt"": true, ""baseColor"": ""Beje"", ""baseStatus"": ""Antiga"", ""skirtColor"": ""Cinza"", ""mattressStatus"": ""Novo""}]"	Não	Sim	3	Sim	Não		Vidro		Toshiba	Avaria fotografada; Avaria fotografada
408	400	Madeira	Bom estado	Antigo	Reparo urgente	Sim	Sim	Antiga	Bom	Dois lados	Sim	Bom estado	LG	Bom estado	[]	"[{""type"": ""Casal"", ""hasSkirt"": true, ""baseColor"": ""Beje"", ""baseStatus"": ""Antiga"", ""skirtColor"": ""Cinza"", ""mattressStatus"": ""Novo""}, {""type"": ""Solteiro"", ""hasSkirt"": true, ""baseColor"": ""Rosa"", ""baseStatus"": ""Antiga"", ""skirtColor"": ""Cinza"", ""mattressStatus"": ""Novo""}, {""type"": ""Solteiro"", ""hasSkirt"": true, ""baseColor"": ""Rosa"", ""baseStatus"": ""Antiga"", ""skirtColor"": ""Cinza"", ""mattressStatus"": ""Novo""}]"	Não	Sim	3	Sim	Sim	Bom estado	Vidro		Smart Roku	
409	400	Madeira	Tolerável	Antigo	Reparo urgente	Sim	Sim	Nova	Bom	Um lado	Sim	Bom estado	LG	Bom estado	[]	"[{""type"": ""Casal"", ""hasSkirt"": true, ""baseColor"": ""Rosa"", ""baseStatus"": ""Antiga"", ""skirtColor"": ""Verde"", ""mattressColor"": ""Bege"", ""mattressStatus"": ""Antigo""}, {""type"": ""Solteiro"", ""hasSkirt"": true, ""baseColor"": ""Rosa"", ""baseStatus"": ""Antiga"", ""skirtColor"": ""Verde"", ""mattressColor"": ""Bege"", ""mattressStatus"": ""Antigo""}, {""type"": ""Solteiro"", ""hasSkirt"": true, ""baseColor"": ""Rosa"", ""baseStatus"": ""Antiga"", ""skirtColor"": ""Cinza"", ""mattressColor"": ""Rosa"", ""mattressStatus"": ""Antigo""}]"	Não	Sim	3	Sim	Não		Quadrado	Branco	Smart Roku	Banheiro; Avaria fotografada
410	400	Granito	Bom estado	Reformado		Sim	Sim	Nova	Boa	Um lado	Sim	Bom estado	LG	Bom estado	[]	"[{""type"": ""Casal"", ""hasSkirt"": true, ""baseStatus"": ""Nova"", ""skirtColor"": ""Cinza"", ""mattressStatus"": ""Novo""}, {""type"": ""Solteiro"", ""hasSkirt"": true, ""baseStatus"": ""Nova"", ""skirtColor"": ""Cinza"", ""mattressStatus"": ""Novo""}, {""type"": ""Solteiro"", ""hasSkirt"": true, ""baseStatus"": ""Nova"", ""skirtColor"": ""Cinza"", ""mattressStatus"": ""Novo""}]"	Sim	Sim	3	Não	Sim	Bom estado	Vidro		Smart Roku	Avaria fotografada
411	400	Granito	Bom estado	Reformado		Sim	Sim	Nova	Boa	Dois lados	Sim	Bom estado	LG	Bom estado	[]	"[{""type"": ""Casal"", ""hasSkirt"": true, ""baseStatus"": ""Nova"", ""skirtColor"": ""Cinza"", ""mattressColor"": ""Bege"", ""mattressStatus"": ""Antigo""}, {""type"": ""Solteiro"", ""hasSkirt"": true, ""baseStatus"": ""Nova"", ""skirtColor"": ""Cinza"", ""mattressStatus"": ""Novo""}, {""type"": ""Solteiro"", ""hasSkirt"": true, ""baseStatus"": ""Nova"", ""skirtColor"": ""Cinza"", ""mattressColor"": ""Rosa"", ""mattressStatus"": ""Antigo""}]"	Sim	Sim	3	Não	Sim	Bom estado	Vidro		Smart Roku	
413	400	Madeira	Tolerável	Antigo	Tolerável	Sim	Sim	Nova	Boa	Um lado	Sim	Bom estado		Bom estado	[]	"[{""type"": ""Casal"", ""hasSkirt"": true, ""baseColor"": ""Rosa"", ""baseStatus"": ""Antiga"", ""skirtColor"": ""Cinza"", ""mattressStatus"": ""Novo""}, {""type"": ""Solteiro"", ""hasSkirt"": true, ""baseColor"": ""Cinza"", ""baseStatus"": ""Antiga"", ""skirtColor"": ""Cinza"", ""mattressColor"": ""Bege"", ""mattressStatus"": ""Antigo""}, {""type"": ""Solteiro"", ""hasSkirt"": true, ""baseStatus"": ""Nova"", ""skirtColor"": ""Cinza"", ""mattressStatus"": ""Novo""}]"	Não	Sim	3	Sim	Sim	Enferrujado	Vidro			
414	400	Madeira	Bom estado	Reformado		Não	Sim	Antiga		Dois lados	Sim	Bom estado	LG	Bom estado	[]	"[{""type"": ""Casal"", ""hasSkirt"": true, ""baseStatus"": ""Nova"", ""skirtColor"": ""Cinza"", ""mattressStatus"": ""Novo""}, {""type"": ""Solteiro"", ""hasSkirt"": true, ""baseStatus"": ""Nova"", ""skirtColor"": ""Cinza"", ""mattressStatus"": ""Novo""}, {""type"": ""Solteiro"", ""hasSkirt"": true, ""baseStatus"": ""Nova"", ""skirtColor"": ""Cinza"", ""mattressStatus"": ""Novo""}]"	Sim	Sim	3	Não	Não		Vidro		Philco	
415	400	Granito	Bom estado	Reformado		Sim	Sim	Nova	Boa	Dois lados	Sim	Bom estado	LG	Bom estado	[]	"[{""type"": ""Casal"", ""hasSkirt"": true, ""baseColor"": ""Rosa"", ""baseStatus"": ""Antiga"", ""skirtColor"": ""Cinza"", ""mattressColor"": ""Rosa"", ""mattressStatus"": ""Antigo""}, {""type"": ""Solteiro"", ""hasSkirt"": false, ""baseColor"": ""Beje"", ""baseStatus"": ""Nova"", ""skirtColor"": ""Cinza"", ""mattressColor"": ""Bege"", ""mattressStatus"": ""Antigo""}, {""type"": ""Solteiro"", ""hasSkirt"": false, ""baseColor"": ""Rosa"", ""baseStatus"": ""Antiga"", ""mattressColor"": ""Bege"", ""mattressStatus"": ""Antigo""}]"	Sim	Sim	3	Não	Sim	Bom estado	Vidro		Smart Roku	
416	400	Granito		Reformado		Sim	Sim	Antiga		Dois lados	Sim	Bom estado	LG	Bom estado	[]	"[{""type"": ""Casal"", ""hasSkirt"": true, ""baseColor"": ""Beje"", ""baseStatus"": ""Antiga"", ""mattressStatus"": ""Novo""}, {""type"": ""Solteiro"", ""hasSkirt"": false, ""baseColor"": ""Amarela"", ""baseStatus"": ""Antiga"", ""mattressColor"": ""Bege"", ""mattressStatus"": ""Antigo""}, {""type"": ""Solteiro"", ""hasSkirt"": false, ""baseStatus"": ""Nova"", ""mattressStatus"": ""Novo""}]"	Sim	Sim	3	Sim	Não		Arandela		Philco	
418	400	Madeira	Reparo urgente	Antigo	Tolerável	Não	Sim	Nova	Boa	Dois lados	Sim	Bom estado	Midea	Bom estado	[]	"[{""type"": ""Casal"", ""hasSkirt"": false, ""baseStatus"": ""Antiga"", ""mattressStatus"": ""Antigo""}, {""type"": ""Solteiro"", ""hasSkirt"": false, ""baseStatus"": ""Antiga"", ""mattressStatus"": ""Antigo""}, {""type"": ""Solteiro"", ""hasSkirt"": false, ""baseStatus"": ""Antiga"", ""mattressStatus"": ""Antigo""}]"	Não	Sim	3	Sim	Não		Quadrado	Branco	Smart Roku	Avaria fotografada; Avaria fotografada
419	400	Madeira	Tolerável	Antigo	Reparo urgente	Sim	Sim	Nova	Bom	Dois lados	Sim	Bom estado	Midea	Bom estado	[]	"[{""type"": ""Casal"", ""hasSkirt"": true, ""baseColor"": ""Beje"", ""baseStatus"": ""Antiga"", ""skirtColor"": ""Verde"", ""mattressStatus"": ""Novo""}, {""type"": ""Solteiro"", ""hasSkirt"": true, ""baseColor"": ""Rosa"", ""baseStatus"": ""Antiga"", ""skirtColor"": ""Verde"", ""mattressColor"": ""Rosa"", ""mattressStatus"": ""Antigo""}, {""type"": ""Solteiro"", ""hasSkirt"": true, ""baseColor"": ""Beje"", ""baseStatus"": ""Antiga"", ""skirtColor"": ""Verde"", ""mattressColor"": ""Rosa"", ""mattressStatus"": ""Antigo""}]"	Não	Sim	3	Sim	Não		Quadrado	Branco	Smart Roku	Avaria fotografada; Avaria fotografada; Avaria fotografada
420	400	Granito	Bom estado	Reformado		Sim	Sim	Nova	Sobrando 	Um lado	Sim	Bom estado	Midea	Bom estado	[]	"[{""type"": ""Casal"", ""hasSkirt"": true, ""baseColor"": ""Beje"", ""baseStatus"": ""Nova"", ""skirtColor"": ""Cinza"", ""mattressColor"": ""Bege"", ""mattressStatus"": ""Novo""}, {""type"": ""Solteiro"", ""hasSkirt"": true, ""baseColor"": ""Rosa"", ""baseStatus"": ""Antiga"", ""skirtColor"": ""Cinza"", ""mattressColor"": ""Rosa"", ""mattressStatus"": ""Antigo""}, {""type"": ""Solteiro"", ""hasSkirt"": true, ""baseColor"": ""Cinza"", ""baseStatus"": ""Antiga"", ""skirtColor"": ""Cinza"", ""mattressStatus"": ""Novo""}]"	Não	Sim	3	Não	Sim	Bom estado	Quadrado	Branco	Samsung	
421	400	Madeira	Tolerável	Antigo	Tolerável	Sim	Sim	Nova	Boa	Dois lados	Sim	Bom estado	Midea	Bom estado	[]	"[{""type"": ""Casal"", ""hasSkirt"": true, ""baseStatus"": ""Nova"", ""skirtColor"": ""Verde"", ""mattressStatus"": ""Novo""}, {""type"": ""Solteiro"", ""hasSkirt"": true, ""baseColor"": ""Beje"", ""baseStatus"": ""Antiga"", ""skirtColor"": ""Verde"", ""mattressColor"": ""Rosa"", ""mattressStatus"": ""Antigo""}, {""type"": ""Solteiro"", ""hasSkirt"": true, ""baseColor"": ""Beje"", ""baseStatus"": ""Antiga"", ""skirtColor"": ""Verde"", ""mattressColor"": ""Bege"", ""mattressStatus"": ""Antigo""}]"	Não	Sim	3	Sim	Não	Bom estado	Vidro		Smart Roku	Avaria fotografada
422	400	Madeira	Tolerável	Antigo	Tolerável	Não	Sim	Nova	Boa	Dois lados	Sim	Bom estado	Midea	Bom estado	[]	"[{""type"": ""Casal"", ""hasSkirt"": true, ""baseColor"": ""Rosa"", ""baseStatus"": ""Antiga"", ""skirtColor"": ""Cinza"", ""mattressColor"": ""Bege"", ""mattressStatus"": ""Antigo""}, {""type"": ""Solteiro"", ""hasSkirt"": true, ""baseColor"": ""Beje"", ""baseStatus"": ""Antiga"", ""skirtColor"": ""Cinza"", ""mattressColor"": ""Rosa"", ""mattressStatus"": ""Antigo""}, {""type"": ""Solteiro"", ""hasSkirt"": true, ""baseColor"": ""Rosa"", ""baseStatus"": ""Antiga"", ""skirtColor"": ""Cinza"", ""mattressColor"": ""Rosa"", ""mattressStatus"": ""Antigo""}]"	Não	Sim	3	Sim	Sim	Enferrujado	Quadrado	Branco	Smart Roku	.; Avaria fotografada
423	400	Madeira	Tolerável	Antigo	Tolerável	Sim	Sim	Nova	Curta 	Dois lados	Sim	Bom estado	Midea	Bom estado	[]	"[{""type"": ""Casal"", ""hasSkirt"": true, ""baseColor"": ""Rosa"", ""baseStatus"": ""Antiga"", ""skirtColor"": ""Verde"", ""mattressColor"": ""Rosa"", ""mattressStatus"": ""Antigo""}, {""type"": ""Solteiro"", ""hasSkirt"": true, ""baseColor"": ""Beje"", ""baseStatus"": ""Antiga"", ""skirtColor"": ""Verde"", ""mattressColor"": ""Bege"", ""mattressStatus"": ""Antigo""}, {""type"": ""Solteiro"", ""hasSkirt"": true, ""baseColor"": ""Rosa"", ""baseStatus"": ""Antiga"", ""skirtColor"": ""Verde"", ""mattressColor"": ""Bege"", ""mattressStatus"": ""Antigo""}]"	Não	Sim	3	Sim	Não		Vidro		Philco	.; Avaria fotografada
424	400	Madeira	Tolerável	Antigo	Tolerável	Sim	Sim	Nova		Dois lados	Sim	Bom estado	Midea	Bom estado	[]	"[{""type"": ""Casal"", ""hasSkirt"": true, ""baseColor"": ""Beje"", ""baseStatus"": ""Antiga"", ""skirtColor"": ""Cinza"", ""mattressColor"": ""Bege"", ""mattressStatus"": ""Antigo""}, {""type"": ""Solteiro"", ""hasSkirt"": false, ""baseStatus"": ""Nova"", ""skirtColor"": ""Cinza"", ""mattressStatus"": ""Novo""}, {""type"": ""Solteiro"", ""hasSkirt"": true, ""baseColor"": ""Beje"", ""baseStatus"": ""Antiga"", ""skirtColor"": ""Cinza"", ""mattressStatus"": ""Novo""}]"	Não	Sim	3	Sim	Não		Vidro		Smart Roku	Avaria fotografada
425	400	Madeira	Reparo urgente	Antigo	Tolerável	Sim	Sim	Nova		Dois lados	Sim	Bom estado	Midea	Bom estado	[]	"[{""type"": ""Casal"", ""hasSkirt"": true, ""baseColor"": ""Beje"", ""baseStatus"": ""Antiga"", ""skirtColor"": ""Verde"", ""mattressStatus"": ""Novo""}, {""type"": ""Solteiro"", ""hasSkirt"": true, ""baseColor"": ""Rosa"", ""baseStatus"": ""Antiga"", ""skirtColor"": ""Verde"", ""mattressStatus"": ""Novo""}, {""type"": ""Solteiro"", ""hasSkirt"": true, ""baseColor"": ""Beje"", ""baseStatus"": ""Antiga"", ""skirtColor"": ""Cinza"", ""mattressColor"": ""Bege"", ""mattressStatus"": ""Antigo""}]"	Não	Sim	3	Sim	Não		Vidro		Smart Roku	Avaria fotografada
426	400	Madeira	Tolerável	Antigo	Tolerável	Sim	Sim	Antiga		Um lado	Sim	Bom estado	Midea	Bom estado	[]	"[{""type"": ""Casal"", ""hasSkirt"": true, ""baseColor"": ""Beje"", ""baseStatus"": ""Antiga"", ""skirtColor"": ""Verde"", ""mattressStatus"": ""Novo""}, {""type"": ""Solteiro"", ""hasSkirt"": true, ""baseColor"": ""Rosa"", ""baseStatus"": ""Antiga"", ""skirtColor"": ""Verde"", ""mattressColor"": ""Bege"", ""mattressStatus"": ""Antigo""}, {""type"": ""Solteiro"", ""hasSkirt"": true, ""baseColor"": ""Beje"", ""baseStatus"": ""Antiga"", ""skirtColor"": ""Cinza"", ""mattressStatus"": ""Antigo""}]"	Não	Sim	3	Sim	Sim	Bom estado	Vidro		Toshiba	Avaria fotografada
427	400	Madeira	Tolerável	Antigo	Tolerável	Sim	Sim	Nova		Dois lados	Sim	Bom estado	Midea	Danificado	"[""Guarda Roupa""]"	"[{""type"": ""Casal"", ""hasSkirt"": true, ""baseColor"": ""Rosa"", ""baseStatus"": ""Antiga"", ""skirtColor"": ""Verde"", ""mattressColor"": ""Cinza"", ""mattressStatus"": ""Novo""}, {""type"": ""Solteiro"", ""hasSkirt"": true, ""baseColor"": ""Rosa"", ""baseStatus"": ""Antiga"", ""skirtColor"": ""Verde"", ""mattressColor"": ""Cinza"", ""mattressStatus"": ""Novo""}, {""type"": ""Solteiro"", ""hasSkirt"": true, ""baseColor"": ""Beje"", ""baseStatus"": ""Antiga"", ""skirtColor"": ""Verde"", ""mattressColor"": ""Bege"", ""mattressStatus"": ""Antigo""}]"	Não	Sim	3	Não	Não		Vidro		Smart Roku	.; Avaria fotografada; Avaria fotografada
428	400	Madeira	Tolerável	Antigo	Tolerável	Sim	Sim	Nova		Dois lados	Não		Midea	Bom estado	[]	"[{""type"": ""Casal"", ""hasSkirt"": true, ""baseColor"": ""Rosa"", ""baseStatus"": ""Antiga"", ""skirtColor"": ""Verde"", ""mattressColor"": ""Bege"", ""mattressStatus"": ""Antigo""}, {""type"": ""Solteiro"", ""hasSkirt"": true, ""baseStatus"": ""Nova"", ""skirtColor"": ""Verde"", ""mattressColor"": ""Rosa"", ""mattressStatus"": ""Antigo""}, {""type"": ""Solteiro"", ""hasSkirt"": true, ""baseColor"": ""Beje"", ""baseStatus"": ""Antiga"", ""skirtColor"": ""Verde"", ""mattressColor"": ""Bege"", ""mattressStatus"": ""Antigo""}]"	Não	Sim	3	Sim	Não		Vidro		Toshiba	Avaria fotografada
429	400	Madeira	Reparo urgente	Antigo	Reparo urgente	Sim	Sim	Nova		Dois lados	Sim	Bom estado	Midea	Danificado	"[""Guarda Roupa""]"	"[{""type"": ""Casal"", ""hasSkirt"": true, ""baseColor"": ""Rosa"", ""baseStatus"": ""Antiga"", ""skirtColor"": ""Cinza"", ""mattressColor"": ""Bege"", ""mattressStatus"": ""Antigo""}, {""type"": ""Solteiro"", ""hasSkirt"": true, ""baseColor"": ""Beje"", ""baseStatus"": ""Antiga"", ""skirtColor"": ""Cinza"", ""mattressStatus"": ""Novo""}, {""type"": ""Solteiro"", ""hasSkirt"": true, ""baseColor"": ""Rosa"", ""baseStatus"": ""Antiga"", ""skirtColor"": ""Cinza"", ""mattressColor"": ""Rosa"", ""mattressStatus"": ""Antigo""}]"	Não	Sim	3	Não	Não				Smart Roku	Avaria fotografada; Avaria fotografada; Avaria fotografada; Avaria fotografada; Avaria fotografada
430	400	Madeira	Tolerável	Antigo	Tolerável	Sim	Sim	Nova		Dois lados	Sim	Bom estado	Midea	Bom estado	[]	"[{""type"": ""Casal"", ""hasSkirt"": true, ""baseColor"": ""Rosa"", ""baseStatus"": ""Antiga"", ""skirtColor"": ""Verde"", ""mattressColor"": ""Cinza"", ""mattressStatus"": ""Novo""}, {""type"": ""Solteiro"", ""hasSkirt"": true, ""baseColor"": ""Rosa"", ""baseStatus"": ""Antiga"", ""skirtColor"": ""Verde"", ""mattressColor"": ""Bege"", ""mattressStatus"": ""Novo""}, {""type"": ""Solteiro"", ""hasSkirt"": true, ""baseColor"": ""Rosa"", ""baseStatus"": ""Antiga"", ""skirtColor"": ""Verde"", ""mattressColor"": ""Bege"", ""mattressStatus"": ""Antigo""}]"	Não	Sim	3	Sim	Não		Vidro		Toshiba	
431	400	Madeira	Tolerável	Antigo	Tolerável	Não	Sim	Nova	Bom	Dois lados	Sim	Bom estado	Midea	Bom estado	[]	"[{""type"": ""Casal"", ""hasSkirt"": true, ""baseColor"": ""Beje"", ""baseStatus"": ""Antiga"", ""skirtColor"": ""Verde"", ""mattressStatus"": ""Novo""}, {""type"": ""Solteiro"", ""hasSkirt"": true, ""baseColor"": ""Rosa"", ""baseStatus"": ""Antiga"", ""skirtColor"": ""Verde"", ""mattressStatus"": ""Novo""}, {""type"": ""Solteiro"", ""hasSkirt"": true, ""baseColor"": ""Beje"", ""baseStatus"": ""Antiga"", ""skirtColor"": ""Verde"", ""mattressColor"": ""Bege"", ""mattressStatus"": ""Antigo""}]"	Não	Sim	3	Não	Não		Vidro		Smart Roku	
432	400	Madeira	Reparo urgente	Antigo	Reparo urgente	Sim	Sim	Nova	Curta	Dois lados	Sim	Bom estado	Midea	Danificado	"[""Guarda Roupa""]"	"[{""type"": ""Casal"", ""hasSkirt"": true, ""baseColor"": ""Rosa"", ""baseStatus"": ""Antiga"", ""skirtColor"": ""Verde"", ""mattressStatus"": ""Novo""}, {""type"": ""Solteiro"", ""hasSkirt"": true, ""baseColor"": ""Rosa"", ""baseStatus"": ""Antiga"", ""skirtColor"": ""Verde"", ""mattressColor"": ""Bege"", ""mattressStatus"": ""Antigo""}, {""type"": ""Solteiro"", ""hasSkirt"": true, ""baseColor"": ""Rosa"", ""baseStatus"": ""Antiga"", ""skirtColor"": ""Verde"", ""mattressColor"": ""Bege"", ""mattressStatus"": ""Antigo""}]"	Não	Sim	3	Sim	Não		Vidro		Smart Roku	Avaria fotografada; Avaria fotografada
433	400	Granito	Bom estado	Reformado		Não	Sim	Nova		Um lado	Sim	Bom estado	Midea	Bom estado	[]	"[{""type"": ""Casal"", ""hasSkirt"": true, ""baseColor"": ""Rosa"", ""baseStatus"": ""Antiga"", ""skirtColor"": ""Cinza"", ""mattressColor"": ""Bege"", ""mattressStatus"": ""Antigo""}, {""type"": ""Solteiro"", ""hasSkirt"": true, ""baseColor"": ""Beje"", ""baseStatus"": ""Antiga"", ""skirtColor"": ""Verde"", ""mattressColor"": ""Bege"", ""mattressStatus"": ""Antigo""}, {""type"": ""Solteiro"", ""hasSkirt"": true, ""baseColor"": ""Beje"", ""baseStatus"": ""Antiga"", ""skirtColor"": ""Cinza"", ""mattressColor"": ""Bege"", ""mattressStatus"": ""Antigo""}]"	Não	Sim	3	Não	Sim	Bom estado	Quadrado	Branco	Philco	
434	400	Madeira	Tolerável	Antigo	Tolerável	Sim	Sim	Antiga		Um lado	Sim	Bom estado	Midea	Bom estado	[]	"[{""type"": ""Casal"", ""hasSkirt"": true, ""baseColor"": ""Rosa"", ""baseStatus"": ""Antiga"", ""skirtColor"": ""Verde"", ""mattressStatus"": ""Novo""}, {""type"": ""Solteiro"", ""hasSkirt"": true, ""baseStatus"": ""Nova"", ""skirtColor"": ""Verde"", ""mattressColor"": ""Rosa"", ""mattressStatus"": ""Antigo""}, {""type"": ""Solteiro"", ""hasSkirt"": false, ""baseStatus"": ""Nova"", ""mattressStatus"": ""Novo""}]"	Não	Sim	3	Sim	Não		Vidro		Smart Roku	Avaria fotografada; Avaria fotografada
500	500	Granito	Bom estado	Antigo	Reparo urgente	Sim	Sim	Nova		Dois lados	Sim	Bom estado	LG	Bom estado	[]	"[{""type"": ""Casal"", ""hasSkirt"": false, ""baseStatus"": ""Nova"", ""mattressStatus"": ""Novo""}, {""type"": ""Solteiro"", ""hasSkirt"": false, ""baseStatus"": ""Nova"", ""mattressStatus"": ""Novo""}, {""type"": ""Solteiro"", ""hasSkirt"": false, ""baseStatus"": ""Nova"", ""mattressStatus"": ""Novo""}]"		Não					Quadrado	Preto	Toshiba	
501	500	Granito	Bom estado	Antigo	Reparo urgente	Sim	Sim	Nova		Dois lados	Sim	Bom estado	Midea	Danificado	"[""Guarda Roupa""]"	"[{""type"": ""Casal"", ""hasSkirt"": false, ""baseStatus"": ""Nova"", ""mattressStatus"": ""Novo""}, {""type"": ""Solteiro"", ""hasSkirt"": false, ""baseStatus"": ""Nova"", ""mattressStatus"": ""Novo""}, {""type"": ""Solteiro"", ""hasSkirt"": false, ""baseStatus"": ""Nova"", ""mattressStatus"": ""Novo""}]"	Sim	Sim	4				Quadrado	Preto	Samsung	
502	500	Granito	Bom estado	Antigo	Reparo urgente	Sim	Sim	Nova		Dois lados	Sim	Danificado	Midea	Bom estado	[]	"[{""type"": ""Casal"", ""hasSkirt"": false, ""baseStatus"": ""Nova"", ""mattressStatus"": ""Novo""}, {""type"": ""Solteiro"", ""hasSkirt"": false, ""baseStatus"": ""Nova"", ""mattressStatus"": ""Novo""}, {""type"": ""Solteiro"", ""hasSkirt"": false, ""baseStatus"": ""Nova"", ""mattressStatus"": ""Novo""}]"	Sim	Sim	4				Quadrado	Preto	Toshiba	
503	500	Granito		Antigo	Reparo urgente		Não				Sim	Bom estado	Gree	Danificado	"[""Guarda Roupa""]"	"[{""type"": ""Casal"", ""hasSkirt"": false, ""baseStatus"": ""Nova"", ""mattressStatus"": ""Novo""}, {""type"": ""Solteiro"", ""hasSkirt"": false, ""baseStatus"": ""Nova"", ""mattressStatus"": ""Novo""}, {""type"": ""Solteiro"", ""hasSkirt"": false, ""baseStatus"": ""Nova"", ""mattressStatus"": ""Novo""}]"	Sim	Sim	3				Quadrado	Preto	Toshiba	
504	500	Granito		Antigo	Reparo urgente	Sim					Sim	Bom estado	Gree	Bom estado	[]	"[{""type"": ""Casal"", ""hasSkirt"": false, ""baseStatus"": ""Nova"", ""mattressStatus"": ""Novo""}, {""type"": ""Solteiro"", ""hasSkirt"": false, ""baseStatus"": ""Nova"", ""mattressStatus"": ""Novo""}, {""type"": ""Solteiro"", ""hasSkirt"": false, ""baseStatus"": ""Nova"", ""mattressStatus"": ""Novo""}]"		Sim	3				Quadrado	Preto	Philco	"Porta do banheiro.
Teto do banheiro com sujeira.; Avaria fotografada"
505	500	Granito		Antigo		Sim					Sim		Gree	Danificado	"[""Cômoda""]"	"[{""type"": ""Casal"", ""hasSkirt"": false, ""baseStatus"": ""Nova"", ""mattressStatus"": ""Antigo""}, {""type"": ""Solteiro"", ""hasSkirt"": false, ""baseStatus"": ""Nova"", ""mattressStatus"": ""Novo""}, {""type"": ""Solteiro"", ""hasSkirt"": false, ""baseStatus"": ""Nova"", ""mattressStatus"": ""Novo""}]"	Sim	Sim	3				Quadrado	Preto	Philco	
506	500	Madeira		Antigo	Reparo urgente	Sim					Sim	Bom estado	LG	Bom estado	[]	"[{""type"": ""Casal"", ""hasSkirt"": false, ""baseStatus"": ""Nova"", ""mattressStatus"": ""Novo""}, {""type"": ""Solteiro"", ""hasSkirt"": false, ""baseStatus"": ""Nova"", ""mattressStatus"": ""Novo""}, {""type"": ""Solteiro"", ""hasSkirt"": false, ""baseStatus"": ""Nova"", ""mattressStatus"": ""Novo""}]"	Sim	Sim	2				Quadrado	Preto	Toshiba	
507	500	Madeira		Antigo	Reparo urgente	Sim	Sim	Nova		Um lado	Sim	Bom estado	LG	Bom estado	[]	"[{""type"": ""Casal"", ""hasSkirt"": false, ""baseStatus"": ""Nova"", ""mattressStatus"": ""Novo""}, {""type"": ""Solteiro"", ""hasSkirt"": false, ""baseStatus"": ""Nova"", ""mattressStatus"": ""Novo""}, {""type"": ""Solteiro"", ""hasSkirt"": false, ""baseStatus"": ""Nova"", ""mattressStatus"": ""Novo""}]"	Sim	Sim	3				Quadrado	Preto	Toshiba	
508	500	Granito		Antigo	Reparo urgente	Sim	Sim	Nova		Dois lados	Sim	Bom estado	LG	Bom estado	[]	"[{""type"": ""Casal"", ""hasSkirt"": false, ""baseStatus"": ""Nova"", ""mattressStatus"": ""Novo""}, {""type"": ""Solteiro"", ""hasSkirt"": false, ""baseStatus"": ""Nova"", ""mattressStatus"": ""Novo""}, {""type"": ""Solteiro"", ""hasSkirt"": false, ""baseStatus"": ""Nova"", ""mattressStatus"": ""Novo""}]"	Sim	Sim	3				Quadrado	Preto	Samsung	
509	500	Granito		Reformado		Sim	Sim	Nova		Um lado	Sim	Bom estado	LG	Danificado	"[""Guarda Roupa""]"	"[{""type"": ""Casal"", ""hasSkirt"": false, ""baseStatus"": ""Nova"", ""mattressStatus"": ""Novo""}, {""type"": ""Solteiro"", ""hasSkirt"": false, ""baseStatus"": ""Nova"", ""mattressStatus"": ""Novo""}, {""type"": ""Solteiro"", ""hasSkirt"": false, ""baseStatus"": ""Nova"", ""mattressStatus"": ""Novo""}]"	Sim	Sim	2				Vidro		Toshiba	
510	500	Granito		Antigo	Reparo urgente	Não	Sim	Nova		Um lado	Sim	Bom estado	Midea	Danificado	"[""Guarda Roupa""]"	"[{""type"": ""Casal"", ""hasSkirt"": false, ""baseStatus"": ""Nova"", ""mattressStatus"": ""Novo""}, {""type"": ""Solteiro"", ""hasSkirt"": false, ""baseStatus"": ""Nova"", ""mattressStatus"": ""Novo""}, {""type"": ""Solteiro"", ""hasSkirt"": false, ""baseStatus"": ""Nova"", ""mattressStatus"": ""Novo""}]"	Sim	Sim	3				Quadrado	Preto	Toshiba	
511	500	Granito		Antigo	Reparo urgente	Sim					Sim	Bom estado	LG	Bom estado	[]	"[{""type"": ""Casal"", ""hasSkirt"": false, ""baseStatus"": ""Nova"", ""mattressStatus"": ""Novo""}, {""type"": ""Solteiro"", ""hasSkirt"": false, ""baseStatus"": ""Nova"", ""mattressStatus"": ""Novo""}, {""type"": ""Solteiro"", ""hasSkirt"": false, ""baseStatus"": ""Nova"", ""mattressStatus"": ""Novo""}]"	Sim	Sim	4				Quadrado	Branco	Toshiba	
512	500	Granito		Antigo	Reparo urgente	Sim	Sim	Nova		Um lado	Sim		LG	Danificado	"[""Guarda Roupa""]"	"[{""type"": ""Casal"", ""hasSkirt"": false, ""baseStatus"": ""Nova"", ""mattressStatus"": ""Novo""}, {""type"": ""Solteiro"", ""hasSkirt"": false, ""baseStatus"": ""Nova"", ""mattressStatus"": ""Novo""}, {""type"": ""Solteiro"", ""hasSkirt"": false, ""baseStatus"": ""Nova"", ""mattressStatus"": ""Novo""}]"	Sim	Sim	3				Quadrado	Branco	Toshiba	Avaria fotografada
513	500	Granito		Reformado			Sim	Nova		Dois lados	Sim	Bom estado	LG	Danificado	"[""Cômoda""]"	"[{""type"": ""Casal"", ""hasSkirt"": false, ""baseStatus"": ""Nova"", ""mattressStatus"": ""Novo""}, {""type"": ""Solteiro"", ""hasSkirt"": false, ""baseStatus"": ""Nova"", ""mattressStatus"": ""Novo""}, {""type"": ""Solteiro"", ""hasSkirt"": false, ""baseStatus"": ""Nova"", ""mattressStatus"": ""Novo""}]"	Sim	Sim	2				Quadrado	Branco	Toshiba	Avaria fotografada
514	500	Granito		Antigo	Reparo urgente	Sim	Sim	Antiga		Dois lados	Sim	Bom estado	LG	Danificado	"[""Criado mudo"", ""Cômoda""]"	"[{""type"": ""Casal"", ""hasSkirt"": false, ""baseStatus"": ""Nova"", ""mattressStatus"": ""Novo""}, {""type"": ""Solteiro"", ""hasSkirt"": false, ""baseStatus"": ""Antiga"", ""mattressStatus"": ""Antigo""}, {""type"": ""Solteiro"", ""hasSkirt"": false, ""baseStatus"": ""Nova"", ""mattressStatus"": ""Novo""}]"	Sim	Sim	1				Quadrado	Branco	Philco	Avaria fotografada
515	500	Granito		Antigo	Reparo urgente		Sim	Nova		Dois lados	Sim		LG	Bom estado	[]	"[{""type"": ""Casal"", ""hasSkirt"": false, ""baseStatus"": ""Antiga"", ""mattressStatus"": ""Novo""}, {""type"": ""Solteiro"", ""hasSkirt"": false, ""baseStatus"": ""Nova"", ""mattressStatus"": ""Novo""}, {""type"": ""Solteiro"", ""hasSkirt"": false, ""baseStatus"": ""Nova"", ""mattressStatus"": ""Novo""}]"	Sim	Sim	3				Quadrado	Branco	Philco	Avaria fotografada; Avaria fotografada
516	500	Granito		Antigo	Reparo urgente	Sim	Sim	Antiga		Um lado	Sim	Bom estado	LG	Bom estado	[]	"[{""type"": ""Casal"", ""hasSkirt"": false, ""baseStatus"": ""Nova"", ""mattressStatus"": ""Novo""}, {""type"": ""Solteiro"", ""hasSkirt"": false, ""baseStatus"": ""Nova"", ""mattressStatus"": ""Novo""}, {""type"": ""Solteiro"", ""hasSkirt"": false, ""baseStatus"": ""Nova"", ""mattressStatus"": ""Novo""}]"	Sim	Sim	3				Quadrado	Branco	Philco	Torneira vazando
518	500	Granito		Reformado		Sim					Sim	Bom estado	Midea	Bom estado	[]	"[{""type"": ""Casal"", ""hasSkirt"": false, ""baseStatus"": ""Nova"", ""mattressStatus"": ""Novo""}, {""type"": ""Solteiro"", ""hasSkirt"": false, ""baseStatus"": ""Nova"", ""mattressStatus"": ""Novo""}, {""type"": ""Solteiro"", ""hasSkirt"": false, ""baseStatus"": ""Nova"", ""mattressStatus"": ""Novo""}]"	Sim	Sim	3				Quadrado	Branco	Samsung	
519	500	Granito	Bom estado	Antigo	Tolerável	Não	Sim	Antiga		Um lado	Sim	Bom estado	Midea	Danificado	"[""Cômoda""]"	"[{""type"": ""Casal"", ""hasSkirt"": true, ""baseStatus"": ""Nova"", ""skirtColor"": ""Cinza"", ""mattressStatus"": ""Novo""}, {""type"": ""Solteiro"", ""hasSkirt"": true, ""baseStatus"": ""Nova"", ""skirtColor"": ""Cinza"", ""mattressColor"": ""Bege"", ""mattressStatus"": ""Antigo""}, {""type"": ""Solteiro"", ""hasSkirt"": false, ""baseStatus"": ""Nova"", ""mattressStatus"": ""Novo""}]"	Não	Sim	3	Sim	Não		Vidro		Smart Roku	Avaria fotografada
520	500	Granito		Antigo	Reparo urgente	Sim	Sim	Nova		Dois lados	Sim	Bom estado	Midea	Bom estado	[]	"[{""type"": ""Casal"", ""hasSkirt"": false, ""baseStatus"": ""Nova"", ""mattressStatus"": ""Novo""}, {""type"": ""Solteiro"", ""hasSkirt"": false, ""baseStatus"": ""Antiga"", ""mattressStatus"": ""Novo""}, {""type"": ""Solteiro"", ""hasSkirt"": false, ""baseStatus"": ""Antiga"", ""mattressStatus"": ""Novo""}]"	Sim						Quadrado	Branco	Toshiba	Avaria fotografada
521	500	Granito	Bom estado	Antigo	Tolerável	Sim	Sim	Nova	240x180	Dois lados	Sim	Bom estado	Midea	Bom estado	[]	"[{""type"": ""Casal"", ""hasSkirt"": false, ""baseStatus"": ""Nova"", ""mattressStatus"": ""Novo""}, {""type"": ""Solteiro"", ""hasSkirt"": false, ""baseStatus"": ""Nova"", ""mattressStatus"": ""Novo""}, {""type"": ""Solteiro"", ""hasSkirt"": false, ""baseStatus"": ""Nova"", ""mattressStatus"": ""Novo""}]"	Não	Sim	3	Não	Não		Vidro		Smart Roku	
522	500	Granito		Reformado		Sim					Sim	Danificado	Midea	Danificado	"[""Guarda Roupa""]"	"[{""type"": ""Casal"", ""hasSkirt"": false, ""baseStatus"": ""Nova"", ""mattressStatus"": ""Novo""}, {""type"": ""Solteiro"", ""hasSkirt"": false, ""baseStatus"": ""Nova"", ""mattressStatus"": ""Novo""}, {""type"": ""Solteiro"", ""hasSkirt"": false, ""baseStatus"": ""Nova"", ""mattressStatus"": ""Novo""}]"		Sim	4				Vidro		Toshiba	Avaria fotografada
523	500	Granito		Reformado			Sim	Nova		Um lado	Sim	Bom estado	Midea	Bom estado	[]	"[{""type"": ""Casal"", ""hasSkirt"": false, ""baseStatus"": ""Nova"", ""mattressStatus"": ""Novo""}, {""type"": ""Solteiro"", ""hasSkirt"": false, ""baseStatus"": ""Nova"", ""mattressStatus"": ""Novo""}, {""type"": ""Solteiro"", ""hasSkirt"": false, ""baseStatus"": ""Nova"", ""mattressStatus"": ""Novo""}]"	Sim	Sim	1				Vidro	Branco	Toshiba	Avaria fotografada
524	500	Granito	Bom estado	Antigo	Tolerável	Sim	Sim	Nova	240x180	Dois lados	Sim	Manchado	Midea	Danificado	"[""Guarda Roupa""]"	"[{""type"": ""Casal"", ""hasSkirt"": false, ""baseStatus"": ""Nova"", ""mattressStatus"": ""Novo""}, {""type"": ""Solteiro"", ""hasSkirt"": false, ""baseStatus"": ""Nova"", ""mattressStatus"": ""Novo""}, {""type"": ""Solteiro"", ""hasSkirt"": true, ""baseStatus"": ""Nova"", ""skirtColor"": ""Cinza"", ""mattressStatus"": ""Novo""}]"	Não	Sim	2	Sim	Não		Quadrado	Branco	Toshiba	
525	500	Granito		Antigo		Sim					Sim	Bom estado	Midea	Danificado	"[""Guarda Roupa"", ""Cômoda""]"	"[{""type"": ""Casal"", ""hasSkirt"": false, ""baseStatus"": ""Nova"", ""mattressStatus"": ""Novo""}, {""type"": ""Solteiro"", ""hasSkirt"": false, ""baseStatus"": ""Nova"", ""mattressStatus"": ""Novo""}, {""type"": ""Solteiro"", ""hasSkirt"": false, ""baseStatus"": ""Nova"", ""mattressStatus"": ""Novo""}]"	Sim	Sim	3				Quadrado	Branco	Samsung	Avaria fotografada
526	500	Granito		Antigo	Reparo urgente	Sim					Sim	Bom estado	Midea	Danificado	"[""Cômoda""]"	"[{""type"": ""Casal"", ""hasSkirt"": false, ""baseStatus"": ""Nova"", ""mattressStatus"": ""Antigo""}, {""type"": ""Solteiro"", ""hasSkirt"": false, ""baseStatus"": ""Antiga"", ""mattressStatus"": ""Novo""}, {""type"": ""Solteiro"", ""hasSkirt"": false, ""baseStatus"": ""Antiga"", ""mattressStatus"": ""Novo""}]"	Sim	Sim	3				Quadrado	Preto	Samsung	Avaria fotografada
528	500	Madeira		Antigo		Sim					Sim	Bom estado	Midea	Danificado	"[""Cômoda""]"	"[{""type"": ""Casal"", ""hasSkirt"": false, ""baseStatus"": ""Nova"", ""mattressStatus"": ""Novo""}, {""type"": ""Solteiro"", ""hasSkirt"": false, ""baseStatus"": ""Nova"", ""mattressStatus"": ""Novo""}, {""type"": ""Solteiro"", ""hasSkirt"": false, ""baseStatus"": ""Nova"", ""mattressStatus"": ""Novo""}]"	Sim	Sim	2				Quadrado	Preto	Philco	Avaria fotografada
529	500	Madeira		Antigo	Reparo urgente						Sim	Bom estado	Midea	Danificado	"[""Cômoda""]"	"[{""type"": ""Casal"", ""hasSkirt"": false, ""baseStatus"": ""Nova"", ""mattressStatus"": ""Novo""}, {""type"": ""Solteiro"", ""hasSkirt"": false, ""baseStatus"": ""Nova"", ""mattressStatus"": ""Novo""}, {""type"": ""Solteiro"", ""hasSkirt"": false, ""baseStatus"": ""Nova"", ""mattressStatus"": ""Novo""}]"	Sim	Sim	3				Vidro		Toshiba	Avaria fotografada
530	500	Granito		Antigo	Reparo urgente	Sim					Sim	Bom estado	Midea	Bom estado	[]	"[{""type"": ""Casal"", ""hasSkirt"": false, ""baseStatus"": ""Nova"", ""mattressStatus"": ""Novo""}, {""type"": ""Solteiro"", ""hasSkirt"": false, ""baseStatus"": ""Nova"", ""mattressStatus"": ""Novo""}, {""type"": ""Solteiro"", ""hasSkirt"": false, ""baseStatus"": ""Nova"", ""mattressStatus"": ""Novo""}]"	Sim	Sim	3				Quadrado	Branco	Toshiba	Avaria fotografada
531	500	Granito		Antigo	Reparo urgente	Sim	Sim	Nova		Um lado	Sim	Bom estado	Midea	Danificado	"[""Cômoda""]"	"[{""type"": ""Casal"", ""hasSkirt"": false, ""baseStatus"": ""Nova"", ""mattressStatus"": ""Novo""}, {""type"": ""Solteiro"", ""hasSkirt"": false, ""baseStatus"": ""Nova"", ""mattressStatus"": ""Novo""}, {""type"": ""Solteiro"", ""hasSkirt"": false, ""baseStatus"": ""Nova"", ""mattressStatus"": ""Novo""}]"		Sim	2				Quadrado	Branco	Toshiba	
532	500	Granito		Antigo	Reparo urgente						Sim	Danificado	Gree	Bom estado	[]	"[{""type"": ""Casal"", ""hasSkirt"": false, ""baseStatus"": ""Nova"", ""mattressStatus"": ""Novo""}, {""type"": ""Solteiro"", ""hasSkirt"": false, ""baseStatus"": ""Nova"", ""mattressStatus"": ""Novo""}, {""type"": ""Solteiro"", ""hasSkirt"": false, ""baseStatus"": ""Nova"", ""mattressStatus"": ""Novo""}]"	Sim	Sim	2				Vidro	Branco	Toshiba	Avaria fotografada
533	500	Granito		Antigo	Reparo urgente	Sim					Sim	Danificado	Midea	Bom estado	[]	"[{""type"": ""Casal"", ""hasSkirt"": false, ""baseStatus"": ""Nova"", ""mattressStatus"": ""Novo""}, {""type"": ""Solteiro"", ""hasSkirt"": false, ""baseStatus"": ""Nova"", ""mattressStatus"": ""Novo""}, {""type"": ""Solteiro"", ""hasSkirt"": false, ""baseStatus"": ""Nova"", ""mattressStatus"": ""Novo""}]"	Sim						Quadrado	Branco	Toshiba	Avaria fotografada
534	500	Granito		Antigo	Reparo urgente	Sim					Sim	Bom estado	Midea	Bom estado	[]	"[{""type"": ""Casal"", ""hasSkirt"": false, ""baseStatus"": ""Nova"", ""mattressStatus"": ""Novo""}, {""type"": ""Solteiro"", ""hasSkirt"": false, ""baseStatus"": ""Nova"", ""mattressStatus"": ""Novo""}, {""type"": ""Solteiro"", ""hasSkirt"": false, ""baseStatus"": ""Nova"", ""mattressStatus"": ""Novo""}]"	Sim	Sim	5				Quadrado	Branco	Toshiba	Avaria fotografada
600	600	Madeira	Tolerável	Antigo	Tolerável	Sim	Sim	Nova	Curta 	Um lado	Sim	Bom estado	LG	Bom estado	[]	"[{""type"": ""Casal"", ""hasSkirt"": true, ""baseStatus"": ""Nova"", ""skirtColor"": ""Verde"", ""mattressStatus"": ""Novo""}, {""type"": ""Solteiro"", ""hasSkirt"": false, ""baseStatus"": ""Nova"", ""mattressStatus"": ""Novo""}, {""type"": ""Solteiro"", ""hasSkirt"": true, ""baseColor"": ""Beje"", ""baseStatus"": ""Antiga"", ""skirtColor"": ""Verde"", ""mattressColor"": ""Bege"", ""mattressStatus"": ""Antigo""}]"	Não	Sim	1	Sim	Não		Quadrado	Branco	Philco	
602	600	Madeira	Tolerável	Antigo	Tolerável	Sim	Não				Sim	Bom estado	LG	Bom estado	[]	"[{""type"": ""Casal"", ""hasSkirt"": false, ""baseStatus"": ""Nova"", ""skirtColor"": ""Verde"", ""mattressColor"": ""Bege"", ""mattressStatus"": ""Antigo""}, {""type"": ""Solteiro"", ""hasSkirt"": true, ""baseColor"": ""Beje"", ""baseStatus"": ""Antiga"", ""skirtColor"": ""Verde"", ""mattressColor"": ""Bege"", ""mattressStatus"": ""Antigo""}, {""type"": ""Solteiro"", ""hasSkirt"": false, ""baseColor"": ""Beje"", ""baseStatus"": ""Antiga"", ""mattressColor"": ""Bege"", ""mattressStatus"": ""Antigo""}]"	Não	Não	0	Sim	Não		Quadrado	Branco	Philco	
603	600	Madeira	Bom estado	Antigo	Tolerável	Sim	Não				Sim	Bom estado	LG	Bom estado	[]	"[{""type"": ""Casal"", ""hasSkirt"": true, ""baseColor"": ""Beje"", ""baseStatus"": ""Antiga"", ""skirtColor"": ""Cinza"", ""mattressStatus"": ""Novo""}, {""type"": ""Solteiro"", ""hasSkirt"": true, ""baseColor"": ""Beje"", ""baseStatus"": ""Antiga"", ""skirtColor"": ""Cinza"", ""mattressStatus"": ""Novo""}, {""type"": ""Solteiro"", ""hasSkirt"": true, ""baseStatus"": ""Nova"", ""skirtColor"": ""Cinza"", ""mattressStatus"": ""Novo""}]"	Não	Sim	3	Sim	Não		Quadrado	Preto	Philco	
604	600	Granito	Bom estado	Reformado		Sim	Sim	Nova			Sim	Bom estado	LG	Bom estado	[]	"[{""type"": ""Casal"", ""hasSkirt"": true, ""baseColor"": ""Cinza"", ""baseStatus"": ""Antiga"", ""skirtColor"": ""Cinza"", ""mattressColor"": ""Bege"", ""mattressStatus"": ""Antigo""}, {""type"": ""Solteiro"", ""hasSkirt"": true, ""baseColor"": ""Beje"", ""baseStatus"": ""Antiga"", ""skirtColor"": ""Cinza"", ""mattressStatus"": ""Novo""}, {""type"": ""Solteiro"", ""hasSkirt"": false, ""baseStatus"": ""Nova"", ""mattressStatus"": ""Novo""}]"	Não	Sim	2	Não	Não		Quadrado	Branco	Toshiba	
608	600	Madeira	Tolerável	Antigo	Tolerável	Sim	Sim	Nova	1,8 curta	Dois lados	Sim	Bom estado	LG	Bom estado	[]	"[{""type"": ""Casal"", ""hasSkirt"": true, ""baseStatus"": ""Nova"", ""skirtColor"": ""Verde"", ""mattressStatus"": ""Novo""}, {""type"": ""Solteiro"", ""hasSkirt"": false, ""baseStatus"": ""Nova"", ""mattressColor"": ""Bege"", ""mattressStatus"": ""Antigo""}, {""type"": ""Solteiro"", ""hasSkirt"": true, ""baseStatus"": ""Nova"", ""skirtColor"": ""Verde"", ""mattressColor"": ""Bege"", ""mattressStatus"": ""Antigo""}]"	Sim	Sim	1	Não	Não		Quadrado	Preto	Samsung	
609	600	Madeira		Antigo	Reparo urgente	Sim					Sim	Manchado	LG	Bom estado	[]	"[{""type"": ""Casal"", ""hasSkirt"": false, ""baseStatus"": ""Antiga"", ""mattressStatus"": ""Antigo""}, {""type"": ""Solteiro"", ""hasSkirt"": false, ""baseStatus"": ""Antiga"", ""mattressStatus"": ""Antigo""}, {""type"": ""Solteiro"", ""hasSkirt"": false, ""baseStatus"": ""Antiga"", ""mattressStatus"": ""Antigo""}]"	Sim	Sim	3				Vidro		Toshiba	
610	600	Madeira	Reparo urgente	Antigo	Tolerável	Sim	Não				Sim	Bom estado	LG	Bom estado	[]	"[{""type"": ""Casal"", ""hasSkirt"": true, ""baseStatus"": ""Nova"", ""skirtColor"": ""Verde"", ""mattressStatus"": ""Novo""}, {""type"": ""Solteiro"", ""hasSkirt"": true, ""baseColor"": ""Amarela"", ""baseStatus"": ""Antiga"", ""skirtColor"": ""Verde"", ""mattressColor"": ""Bege"", ""mattressStatus"": ""Antigo""}, {""type"": ""Solteiro"", ""hasSkirt"": false, ""baseColor"": ""Rosa"", ""baseStatus"": ""Antiga"", ""mattressColor"": ""Rosa"", ""mattressStatus"": ""Antigo""}]"	Não	Sim	3	Não	Não		Quadrado	Preto	Philco	
611	600	Madeira	Tolerável	Antigo	Tolerável	Sim	Não				Sim	Bom estado	LG	Bom estado	[]	"[{""type"": ""Casal"", ""hasSkirt"": true, ""baseStatus"": ""Nova"", ""skirtColor"": ""Verde"", ""mattressStatus"": ""Novo""}, {""type"": ""Solteiro"", ""hasSkirt"": true, ""baseStatus"": ""Nova"", ""skirtColor"": ""Verde"", ""mattressStatus"": ""Novo""}, {""type"": ""Solteiro"", ""hasSkirt"": true, ""baseColor"": ""Beje"", ""baseStatus"": ""Antiga"", ""skirtColor"": ""Verde"", ""mattressStatus"": ""Novo""}]"	Não	Sim	3	Sim	Não		Quadrado	Branco	Philco	
612	600	Madeira	Tolerável	Antigo	Tolerável	Sim	Não				Sim	Bom estado	LG	Bom estado	[]	"[{""type"": ""Casal"", ""hasSkirt"": true, ""baseStatus"": ""Nova"", ""skirtColor"": ""Verde"", ""mattressStatus"": ""Novo""}, {""type"": ""Solteiro"", ""hasSkirt"": true, ""baseColor"": ""Beje"", ""baseStatus"": ""Antiga"", ""skirtColor"": ""Verde"", ""mattressColor"": ""Bege"", ""mattressStatus"": ""Antigo""}, {""type"": ""Solteiro"", ""hasSkirt"": true, ""baseStatus"": ""Nova"", ""skirtColor"": ""Verde"", ""mattressStatus"": ""Novo""}]"	Não	Sim	3	Sim	Não		Quadrado	Branco	Philco	
613	600	Madeira	Bom estado	Antigo	Tolerável	Sim	Sim	Nova	Grande		Sim	Bom estado	LG	Bom estado	[]	"[{""type"": ""Casal"", ""hasSkirt"": true, ""baseColor"": ""Amarela"", ""baseStatus"": ""Antiga"", ""skirtColor"": ""Verde"", ""mattressStatus"": ""Novo""}, {""type"": ""Solteiro"", ""hasSkirt"": false, ""baseStatus"": ""Nova"", ""mattressColor"": ""Bege"", ""mattressStatus"": ""Antigo""}, {""type"": ""Solteiro"", ""hasSkirt"": true, ""baseColor"": ""Rosa"", ""baseStatus"": ""Antiga"", ""skirtColor"": ""Verde"", ""mattressStatus"": ""Novo""}]"	Não	Sim	3	Não	Não		Quadrado	Preto	Philco	
614	600	Granito	Bom estado	Reformado		Sim	Não				Sim	Bom estado	LG	Bom estado	[]	"[{""type"": ""Casal"", ""hasSkirt"": true, ""baseStatus"": ""Nova"", ""skirtColor"": ""Cinza"", ""mattressStatus"": ""Novo""}, {""type"": ""Solteiro"", ""hasSkirt"": true, ""baseColor"": ""Beje"", ""baseStatus"": ""Antiga"", ""skirtColor"": ""Cinza"", ""mattressStatus"": ""Antigo""}, {""type"": ""Solteiro"", ""hasSkirt"": false, ""baseStatus"": ""Nova"", ""mattressStatus"": ""Novo""}]"	Não	Sim	2	Sim	Não		Quadrado	Preto	Samsung	
615	600	Granito	Bom estado	Reformado		Sim	Não				Sim	Bom estado	LG	Bom estado	[]	"[{""type"": ""Casal"", ""hasSkirt"": true, ""baseStatus"": ""Nova"", ""skirtColor"": ""Cinza"", ""mattressStatus"": ""Novo""}, {""type"": ""Solteiro"", ""hasSkirt"": true, ""baseColor"": ""Beje"", ""baseStatus"": ""Antiga"", ""skirtColor"": ""Cinza"", ""mattressStatus"": ""Novo""}, {""type"": ""Solteiro"", ""hasSkirt"": true, ""baseColor"": ""Amarela"", ""baseStatus"": ""Antiga"", ""skirtColor"": ""Cinza"", ""mattressStatus"": ""Novo""}]"	Sim	Sim	3	Sim	Não		Quadrado	Preto	Philco	
616	600	Madeira	Tolerável	Antigo	Tolerável	Sim	Não				Sim	Bom estado	LG	Bom estado	[]	"[{""type"": ""Casal"", ""hasSkirt"": true, ""baseStatus"": ""Nova"", ""skirtColor"": ""Cinza"", ""mattressColor"": ""Rosa"", ""mattressStatus"": ""Antigo""}, {""type"": ""Solteiro"", ""hasSkirt"": true, ""baseColor"": ""Beje"", ""baseStatus"": ""Antiga"", ""skirtColor"": ""Verde"", ""mattressColor"": ""Rosa"", ""mattressStatus"": ""Antigo""}, {""type"": ""Solteiro"", ""hasSkirt"": true, ""baseStatus"": ""Nova"", ""skirtColor"": ""Verde"", ""mattressColor"": ""Bege"", ""mattressStatus"": ""Antigo""}]"	Não	Não	0	Sim	Não		Quadrado	Preto	Philco	
617	600	Madeira	Tolerável	Antigo	Tolerável	Sim	Não				Sim	Bom estado	LG	Bom estado	[]	"[{""type"": ""Casal"", ""hasSkirt"": true, ""baseStatus"": ""Nova"", ""skirtColor"": ""Verde"", ""mattressStatus"": ""Novo""}, {""type"": ""Solteiro"", ""hasSkirt"": true, ""baseColor"": ""Rosa"", ""baseStatus"": ""Antiga"", ""skirtColor"": ""Verde"", ""mattressStatus"": ""Novo""}, {""type"": ""Solteiro"", ""hasSkirt"": true, ""baseStatus"": ""Nova"", ""skirtColor"": ""Cinza"", ""mattressColor"": ""Bege"", ""mattressStatus"": ""Antigo""}]"	Não	Sim	2	Sim	Não		Quadrado	Preto	Samsung	
618	600	Granito	Bom estado	Reformado		Sim	Sim	Antiga		Um lado	Sim	Bom estado	Midea	Bom estado	[]	"[{""type"": ""Casal"", ""hasSkirt"": false, ""baseColor"": ""Rosa"", ""baseStatus"": ""Antiga"", ""mattressStatus"": ""Novo""}, {""type"": ""Solteiro"", ""hasSkirt"": false, ""baseStatus"": ""Nova"", ""mattressColor"": ""Bege"", ""mattressStatus"": ""Antigo""}, {""type"": ""Solteiro"", ""hasSkirt"": false, ""baseColor"": ""Rosa"", ""baseStatus"": ""Antiga"", ""mattressColor"": ""Bege"", ""mattressStatus"": ""Antigo""}]"	Não	Sim	2	Não	Não		Quadrado	Branco	Samsung	
619	600	Madeira	Tolerável	Antigo	Tolerável	Sim	Sim	Nova	Curta	Um lado	Sim	Bom estado	Midea	Bom estado	[]	"[{""type"": ""Casal"", ""hasSkirt"": true, ""baseStatus"": ""Nova"", ""skirtColor"": ""Verde"", ""mattressStatus"": ""Novo""}, {""type"": ""Solteiro"", ""hasSkirt"": true, ""baseColor"": ""Beje"", ""baseStatus"": ""Antiga"", ""skirtColor"": ""Cinza"", ""mattressColor"": ""Bege"", ""mattressStatus"": ""Antigo""}, {""type"": ""Solteiro"", ""hasSkirt"": false, ""baseColor"": ""Beje"", ""baseStatus"": ""Antiga"", ""mattressColor"": ""Bege"", ""mattressStatus"": ""Antigo""}]"	Não	Não	0	Sim	Não		Quadrado	Preto	Philco	
624	600	Madeira	Tolerável	Antigo	Tolerável	Sim	Sim	Nova	Curta 	Um lado	Sim	Bom estado	Midea	Bom estado	[]	"[{""type"": ""Casal"", ""hasSkirt"": true, ""baseStatus"": ""Nova"", ""skirtColor"": ""Verde"", ""mattressColor"": ""Bege"", ""mattressStatus"": ""Antigo""}, {""type"": ""Solteiro"", ""hasSkirt"": true, ""baseStatus"": ""Nova"", ""skirtColor"": ""Verde"", ""mattressStatus"": ""Novo""}, {""type"": ""Solteiro"", ""hasSkirt"": true, ""baseStatus"": ""Nova"", ""skirtColor"": ""Verde"", ""mattressColor"": ""Bege"", ""mattressStatus"": ""Antigo""}]"	Não	Sim	3	Sim	Não		Quadrado	Branco	Samsung	
625	600	Madeira	Tolerável	Antigo	Tolerável	Sim	Não				Sim	Bom estado	Midea	Bom estado	[]	"[{""type"": ""Casal"", ""hasSkirt"": false, ""baseStatus"": ""Nova"", ""mattressStatus"": ""Novo""}, {""type"": ""Solteiro"", ""hasSkirt"": false, ""baseStatus"": ""Nova"", ""mattressStatus"": ""Novo""}, {""type"": ""Solteiro"", ""hasSkirt"": false, ""baseStatus"": ""Nova"", ""mattressColor"": ""Bege"", ""mattressStatus"": ""Antigo""}]"	Não	Sim	2	Sim	Não		Quadrado	Branco	Samsung	
626	600	Madeira	Tolerável	Antigo	Tolerável	Sim	Não				Sim	Bom estado	Midea	Bom estado	[]	"[{""type"": ""Casal"", ""hasSkirt"": true, ""baseStatus"": ""Nova"", ""skirtColor"": ""Verde"", ""mattressStatus"": ""Novo""}, {""type"": ""Solteiro"", ""hasSkirt"": true, ""baseColor"": ""Beje"", ""baseStatus"": ""Antiga"", ""skirtColor"": ""Verde"", ""mattressColor"": ""Bege"", ""mattressStatus"": ""Antigo""}, {""type"": ""Solteiro"", ""hasSkirt"": true, ""baseColor"": ""Beje"", ""baseStatus"": ""Antiga"", ""skirtColor"": ""Verde"", ""mattressColor"": ""Bege"", ""mattressStatus"": ""Antigo""}]"	Não	Sim	2	Sim	Não		Quadrado	Branco	Samsung	
627	600	Madeira	Tolerável	Antigo	Tolerável	Sim	Não				Sim	Bom estado	Midea	Bom estado	[]	"[{""type"": ""Casal"", ""hasSkirt"": true, ""baseStatus"": ""Nova"", ""skirtColor"": ""Verde"", ""mattressStatus"": ""Novo""}, {""type"": ""Solteiro"", ""hasSkirt"": false, ""baseColor"": ""Beje"", ""baseStatus"": ""Antiga"", ""mattressStatus"": ""Novo""}, {""type"": ""Solteiro"", ""hasSkirt"": false, ""baseColor"": ""Beje"", ""baseStatus"": ""Antiga"", ""mattressStatus"": ""Novo""}]"	Não	Sim	3	Sim	Não		Quadrado	Preto	Samsung	
628	600	Madeira	Tolerável	Antigo	Tolerável	Sim	Não				Sim	Manchado	Midea	Bom estado	[]	"[{""type"": ""Casal"", ""hasSkirt"": true, ""baseStatus"": ""Nova"", ""skirtColor"": ""Verde"", ""mattressColor"": ""Bege"", ""mattressStatus"": ""Antigo""}, {""type"": ""Solteiro"", ""hasSkirt"": true, ""baseStatus"": ""Nova"", ""skirtColor"": ""Verde"", ""mattressStatus"": ""Novo""}, {""type"": ""Solteiro"", ""hasSkirt"": true, ""baseColor"": ""Beje"", ""baseStatus"": ""Antiga"", ""skirtColor"": ""Verde"", ""mattressColor"": ""Bege"", ""mattressStatus"": ""Antigo""}]"	Não	Sim	1	Não	Não		Quadrado	Branco	Samsung	
629	600	Madeira	Tolerável	Antigo	Tolerável	Sim	Sim	Nova	Curta	Um lado	Sim	Bom estado	Midea	Bom estado	[]	"[{""type"": ""Casal"", ""hasSkirt"": true, ""baseColor"": ""Beje"", ""baseStatus"": ""Antiga"", ""skirtColor"": ""Verde"", ""mattressColor"": ""Bege"", ""mattressStatus"": ""Antigo""}, {""type"": ""Solteiro"", ""hasSkirt"": true, ""baseColor"": ""Beje"", ""baseStatus"": ""Antiga"", ""skirtColor"": ""Verde"", ""mattressStatus"": ""Novo""}, {""type"": ""Solteiro"", ""hasSkirt"": true, ""baseColor"": ""Beje"", ""baseStatus"": ""Antiga"", ""skirtColor"": ""Verde"", ""mattressStatus"": ""Novo""}]"	Não	Sim	4	Sim	Não		Quadrado	Branco	Toshiba	
630	600	Madeira	Tolerável	Antigo	Tolerável	Sim	Sim	Nova		Um lado	Sim	Bom estado	Midea	Bom estado	[]	"[{""type"": ""Casal"", ""hasSkirt"": true, ""baseStatus"": ""Nova"", ""skirtColor"": ""Verde"", ""mattressStatus"": ""Novo""}, {""type"": ""Solteiro"", ""hasSkirt"": true, ""baseStatus"": ""Nova"", ""skirtColor"": ""Verde"", ""mattressStatus"": ""Novo""}, {""type"": ""Solteiro"", ""hasSkirt"": true, ""baseStatus"": ""Nova"", ""skirtColor"": ""Verde"", ""mattressStatus"": ""Novo""}]"	Não	Sim	3	Sim	Não		Quadrado	Branco	Samsung	
631	600	Madeira	Tolerável	Antigo	Tolerável	Sim	Sim	Nova		Um lado	Sim	Bom estado	Midea	Bom estado	[]	"[{""type"": ""Casal"", ""hasSkirt"": true, ""baseStatus"": ""Nova"", ""skirtColor"": ""Verde"", ""mattressStatus"": ""Novo""}, {""type"": ""Solteiro"", ""hasSkirt"": true, ""baseStatus"": ""Nova"", ""skirtColor"": ""Verde"", ""mattressStatus"": ""Novo""}, {""type"": ""Solteiro"", ""hasSkirt"": true, ""baseColor"": ""Beje"", ""baseStatus"": ""Antiga"", ""skirtColor"": ""Verde"", ""mattressColor"": ""Bege"", ""mattressStatus"": ""Antigo""}]"	Não	Sim	1	Sim	Não		Quadrado	Branco	Samsung	
632	600	Madeira	Tolerável	Antigo	Tolerável	Sim	Sim	Nova		Um lado	Sim	Bom estado	Midea	Bom estado	[]	"[{""type"": ""Casal"", ""hasSkirt"": true, ""baseColor"": ""Beje"", ""baseStatus"": ""Antiga"", ""skirtColor"": ""Cinza"", ""mattressColor"": ""Bege"", ""mattressStatus"": ""Antigo""}, {""type"": ""Solteiro"", ""hasSkirt"": false, ""baseColor"": ""Beje"", ""baseStatus"": ""Antiga"", ""mattressStatus"": ""Novo""}, {""type"": ""Solteiro"", ""hasSkirt"": false, ""baseStatus"": ""Nova"", ""mattressColor"": ""Bege"", ""mattressStatus"": ""Antigo""}]"	Não	Não	0	Sim	Não		Quadrado	Branco	Philco	
633	600	Madeira	Tolerável	Antigo	Tolerável	Sim	Sim	Nova	Curta 	Um lado	Sim	Bom estado	Midea	Bom estado	[]	"[{""type"": ""Casal"", ""hasSkirt"": true, ""baseColor"": ""Beje"", ""baseStatus"": ""Antiga"", ""skirtColor"": ""Verde"", ""mattressStatus"": ""Novo""}, {""type"": ""Solteiro"", ""hasSkirt"": true, ""baseColor"": ""Amarela"", ""baseStatus"": ""Antiga"", ""skirtColor"": ""Cinza"", ""mattressColor"": ""Bege"", ""mattressStatus"": ""Antigo""}, {""type"": ""Solteiro"", ""hasSkirt"": true, ""baseColor"": ""Amarela"", ""baseStatus"": ""Antiga"", ""skirtColor"": ""Verde"", ""mattressColor"": ""Bege"", ""mattressStatus"": ""Antigo""}]"	Não	Sim	2	Sim	Não		Quadrado	Branco	Samsung	
634	600	Madeira	Bom estado	Antigo	Reparo urgente	Sim	Não				Sim	Bom estado	Midea	Danificado	"[""Cômoda""]"	"[{""type"": ""Casal"", ""hasSkirt"": false, ""baseColor"": ""Rosa"", ""baseStatus"": ""Antiga"", ""skirtColor"": ""Cinza"", ""mattressColor"": ""Rosa"", ""mattressStatus"": ""Antigo""}, {""type"": ""Solteiro"", ""hasSkirt"": false, ""baseColor"": ""Rosa"", ""baseStatus"": ""Antiga"", ""skirtColor"": ""Verde"", ""mattressColor"": ""Bege"", ""mattressStatus"": ""Antigo""}, {""type"": ""Solteiro"", ""hasSkirt"": false, ""baseColor"": ""Rosa"", ""baseStatus"": ""Antiga"", ""skirtColor"": ""Verde"", ""mattressColor"": ""Bege"", ""mattressStatus"": ""Antigo""}]"	Não	Sim	3	Sim	Sim	Bom estado	Quadrado	Branco	Samsung	Avaria fotografada
700	700	Madeira	Tolerável	Reformado		Sim	Sim	Nova	Tamanho ideal 	Dois lados	Sim	Bom estado	Grey	Bom estado	[]	"[{""type"": ""Casal"", ""hasSkirt"": false, ""baseColor"": ""Rosa"", ""baseStatus"": ""Antiga"", ""mattressColor"": ""Bege"", ""mattressStatus"": ""Antigo""}, {""type"": ""Solteiro"", ""hasSkirt"": false, ""baseColor"": ""Rosa"", ""baseStatus"": ""Antiga"", ""mattressColor"": ""Bege"", ""mattressStatus"": ""Antigo""}, {""type"": ""Solteiro"", ""hasSkirt"": false, ""baseColor"": ""Beje"", ""baseStatus"": ""Antiga"", ""mattressColor"": ""Bege"", ""mattressStatus"": ""Antigo""}]"	Sim	Não	0	Não	Não		Quadrado	Branco	Toshiba	
701	700	Granito	Bom estado	Reformado		Sim	Sim	Nova	Tamanho ideal 	Dois lados	Sim	Manchado	LG	Bom estado	[]	"[{""type"": ""Casal"", ""hasSkirt"": false, ""baseStatus"": ""Nova"", ""mattressColor"": ""Bege"", ""mattressStatus"": ""Antigo""}, {""type"": ""Solteiro"", ""hasSkirt"": false, ""baseColor"": ""Beje"", ""baseStatus"": ""Antiga"", ""mattressColor"": ""Bege"", ""mattressStatus"": ""Antigo""}, {""type"": ""Solteiro"", ""hasSkirt"": false, ""baseColor"": ""Beje"", ""baseStatus"": ""Antiga"", ""mattressStatus"": ""Novo""}]"	Não	Não	0	Sim	Não		Quadrado	Branco	Philco	
702	700	Granito	Bom estado	Reformado		Sim	Sim	Nova	2,12	Um lado	Sim	Bom estado	LG	Bom estado	[]	"[{""type"": ""Casal"", ""hasSkirt"": true, ""baseStatus"": ""Nova"", ""skirtColor"": ""Cinza"", ""mattressColor"": ""Bege"", ""mattressStatus"": ""Antigo""}, {""type"": ""Solteiro"", ""hasSkirt"": false, ""baseColor"": ""Beje"", ""baseStatus"": ""Antiga"", ""mattressColor"": ""Bege"", ""mattressStatus"": ""Antigo""}, {""type"": ""Solteiro"", ""hasSkirt"": false, ""baseStatus"": ""Nova"", ""mattressStatus"": ""Novo""}]"	Sim	Não	0	Sim	Não		Quadrado	Branco	Philco	
703	700	Granito	Bom estado	Reformado		Sim	Sim	Nova	2,12	Um lado	Sim	Bom estado	LG	Bom estado	[]	"[{""type"": ""Casal"", ""hasSkirt"": true, ""baseStatus"": ""Nova"", ""skirtColor"": ""Cinza"", ""mattressColor"": ""Bege"", ""mattressStatus"": ""Antigo""}, {""type"": ""Solteiro"", ""hasSkirt"": false, ""baseColor"": ""Beje"", ""baseStatus"": ""Antiga"", ""mattressColor"": ""Bege"", ""mattressStatus"": ""Antigo""}, {""type"": ""Solteiro"", ""hasSkirt"": false, ""baseStatus"": ""Nova"", ""mattressStatus"": ""Novo""}]"	Sim	Não	0	Sim	Não		Quadrado	Branco	Philco	
710	700	Madeira		Reformado		Não	Sim	Nova		Dois lados	Sim	Bom estado	LG	Bom estado	[]	"[{""type"": ""Casal"", ""hasSkirt"": false, ""baseColor"": ""Beje"", ""baseStatus"": ""Antiga"", ""mattressColor"": ""Bege"", ""mattressStatus"": ""Antigo""}, {""type"": ""Solteiro"", ""hasSkirt"": false, ""baseColor"": ""Beje"", ""baseStatus"": ""Antiga"", ""mattressColor"": ""Bege"", ""mattressStatus"": ""Antigo""}, {""type"": ""Solteiro"", ""hasSkirt"": false, ""baseColor"": ""Beje"", ""baseStatus"": ""Antiga"", ""mattressColor"": ""Bege"", ""mattressStatus"": ""Antigo""}]"	Não	Sim	2	Sim	Sim	Bom estado	Arandela		Philco	
713	700	Madeira		Reformado		Sim	Sim	Nova		Dois lados	Sim	Bom estado	LG	Bom estado	[]	"[{""type"": ""Casal"", ""hasSkirt"": false, ""baseColor"": ""Beje"", ""baseStatus"": ""Antiga"", ""mattressColor"": ""Bege"", ""mattressStatus"": ""Antigo""}, {""type"": ""Solteiro"", ""hasSkirt"": false, ""baseStatus"": ""Nova"", ""mattressStatus"": ""Novo""}, {""type"": ""Solteiro"", ""hasSkirt"": false, ""baseColor"": ""Beje"", ""baseStatus"": ""Antiga"", ""mattressStatus"": ""Novo""}]"	Sim	Sim	3	Sim	Não		Arandela		Samsung	
714	700	Madeira		Reformado		Sim	Não				Sim	Bom estado	LG	Bom estado	[]	"[{""type"": ""Casal"", ""hasSkirt"": false, ""baseColor"": ""Beje"", ""baseStatus"": ""Antiga"", ""mattressColor"": ""Rosa"", ""mattressStatus"": ""Antigo""}, {""type"": ""Solteiro"", ""hasSkirt"": false, ""baseColor"": ""Beje"", ""baseStatus"": ""Antiga"", ""mattressStatus"": ""Novo""}, {""type"": ""Solteiro"", ""hasSkirt"": false, ""baseColor"": ""Beje"", ""baseStatus"": ""Antiga"", ""mattressStatus"": ""Novo""}]"	Não	Sim	3	Sim	Sim	Bom estado	Arandela		Samsung	
715	700	Madeira		Reformado		Sim	Sim	Nova		Dois lados	Sim	Bom estado	LG	Bom estado	[]	"[{""type"": ""Casal"", ""hasSkirt"": false, ""baseColor"": ""Beje"", ""baseStatus"": ""Antiga"", ""mattressStatus"": ""Novo""}, {""type"": ""Solteiro"", ""hasSkirt"": false, ""baseColor"": ""Beje"", ""baseStatus"": ""Antiga"", ""mattressColor"": ""Bege"", ""mattressStatus"": ""Antigo""}, {""type"": ""Solteiro"", ""hasSkirt"": true, ""baseColor"": ""Beje"", ""baseStatus"": ""Antiga"", ""skirtColor"": ""Verde"", ""mattressStatus"": ""Novo""}]"	Não	Sim	2	Sim	Sim	Bom estado	Arandela		Philco	
716	700	Granito		Antigo	Tolerável	Sim	Sim	Nova		Um lado	Sim	Manchado	LG	Bom estado	[]	"[{""type"": ""Casal"", ""hasSkirt"": true, ""baseColor"": ""Cinza"", ""baseStatus"": ""Antiga"", ""skirtColor"": ""Cinza"", ""mattressColor"": ""Cinza"", ""mattressStatus"": ""Antigo""}, {""type"": ""Solteiro"", ""hasSkirt"": true, ""baseStatus"": ""Nova"", ""skirtColor"": ""Cinza"", ""mattressColor"": ""Cinza"", ""mattressStatus"": ""Antigo""}, {""type"": ""Solteiro"", ""hasSkirt"": false, ""baseColor"": ""Cinza"", ""baseStatus"": ""Antiga"", ""mattressStatus"": ""Novo""}]"	Não	Sim	3	Não	Sim	Bom estado	Arandela		Philco	
717	700	Madeira		Antigo	Tolerável	Sim	Sim	Nova		Um lado	Sim	Bom estado	Midea	Bom estado	[]	"[{""type"": ""Casal"", ""hasSkirt"": false, ""baseColor"": ""Beje"", ""baseStatus"": ""Antiga"", ""mattressColor"": ""Bege"", ""mattressStatus"": ""Antigo""}, {""type"": ""Solteiro"", ""hasSkirt"": false, ""baseColor"": ""Beje"", ""baseStatus"": ""Antiga"", ""mattressStatus"": ""Novo""}, {""type"": ""Solteiro"", ""hasSkirt"": false, ""baseColor"": ""Beje"", ""baseStatus"": ""Antiga"", ""mattressStatus"": ""Novo""}]"	Não	Sim	2	Sim	Sim		Arandela		Samsung	
718	700	Madeira		Reformado		Sim	Sim	Nova		Dois lados	Sim	Bom estado	Midea	Bom estado	[]	"[{""type"": ""Casal"", ""hasSkirt"": false, ""baseColor"": ""Beje"", ""baseStatus"": ""Antiga"", ""mattressStatus"": ""Antigo""}, {""type"": ""Solteiro"", ""hasSkirt"": false, ""baseColor"": ""Beje"", ""baseStatus"": ""Antiga"", ""mattressStatus"": ""Novo""}, {""type"": ""Solteiro"", ""hasSkirt"": false, ""baseColor"": ""Beje"", ""baseStatus"": ""Antiga"", ""mattressColor"": ""Bege"", ""mattressStatus"": ""Antigo""}]"	Não	Sim	3	Sim	Não		Arandela		Philco	
719	700	Madeira		Reformado	Tolerável	Sim	Sim	Nova		Um lado	Sim	Bom estado	Midea	Bom estado	[]	"[{""type"": ""Casal"", ""hasSkirt"": false, ""baseColor"": ""Beje"", ""baseStatus"": ""Antiga"", ""mattressStatus"": ""Novo""}, {""type"": ""Solteiro"", ""hasSkirt"": false, ""baseColor"": ""Beje"", ""baseStatus"": ""Antiga"", ""mattressColor"": ""Bege"", ""mattressStatus"": ""Antigo""}, {""type"": ""Solteiro"", ""hasSkirt"": false, ""baseColor"": ""Beje"", ""baseStatus"": ""Antiga"", ""mattressStatus"": ""Novo""}]"	Não	Sim	2	Sim	Sim	Bom estado	Arandela		Philco	
720	700	Madeira		Reformado		Sim	Sim	Nova		Dois lados	Sim	Bom estado	Midea	Bom estado	[]	"[{""type"": ""Casal"", ""hasSkirt"": false, ""baseColor"": ""Beje"", ""baseStatus"": ""Antiga"", ""mattressColor"": ""Bege"", ""mattressStatus"": ""Antigo""}, {""type"": ""Solteiro"", ""hasSkirt"": false, ""baseColor"": ""Beje"", ""baseStatus"": ""Antiga"", ""mattressStatus"": ""Novo""}, {""type"": ""Solteiro"", ""hasSkirt"": false, ""baseColor"": ""Beje"", ""baseStatus"": ""Antiga"", ""mattressColor"": ""Bege"", ""mattressStatus"": ""Antigo""}]"	Não	Sim	3	Sim	Não		Arandela		Philco	
721	700	Madeira		Reformado		Sim	Sim	Nova		Um lado	Sim	Bom estado	Midea	Bom estado	[]	"[{""type"": ""Casal"", ""hasSkirt"": false, ""baseColor"": ""Beje"", ""baseStatus"": ""Antiga"", ""mattressStatus"": ""Novo""}, {""type"": ""Solteiro"", ""hasSkirt"": false, ""baseColor"": ""Beje"", ""baseStatus"": ""Antiga"", ""mattressColor"": ""Bege"", ""mattressStatus"": ""Antigo""}, {""type"": ""Solteiro"", ""hasSkirt"": false, ""baseColor"": ""Beje"", ""baseStatus"": ""Antiga"", ""mattressStatus"": ""Novo""}]"	Não	Sim	3	Sim	Não		Arandela		Samsung	
722	700	Madeira		Antigo	Tolerável	Sim	Sim	Nova		Dois lados	Sim	Bom estado	Midea	Bom estado	[]	"[{""type"": ""Casal"", ""hasSkirt"": false, ""baseColor"": ""Beje"", ""baseStatus"": ""Antiga"", ""mattressColor"": ""Bege"", ""mattressStatus"": ""Antigo""}, {""type"": ""Solteiro"", ""hasSkirt"": false, ""baseColor"": ""Beje"", ""baseStatus"": ""Antiga"", ""mattressColor"": ""Bege"", ""mattressStatus"": ""Antigo""}, {""type"": ""Solteiro"", ""hasSkirt"": false, ""baseColor"": ""Beje"", ""baseStatus"": ""Antiga"", ""mattressStatus"": ""Novo""}]"	Não	Sim	2	Sim	Sim	Bom estado	Arandela		Samsung	
723	700	Madeira		Antigo		Sim	Sim	Nova		Dois lados	Sim	Bom estado	Midea	Bom estado	[]	"[{""type"": ""Casal"", ""hasSkirt"": false, ""baseColor"": ""Beje"", ""baseStatus"": ""Antiga"", ""mattressColor"": ""Bege"", ""mattressStatus"": ""Antigo""}, {""type"": ""Solteiro"", ""hasSkirt"": false, ""baseColor"": ""Beje"", ""baseStatus"": ""Antiga"", ""mattressColor"": ""Bege"", ""mattressStatus"": ""Antigo""}, {""type"": ""Solteiro"", ""hasSkirt"": false, ""baseColor"": ""Branca"", ""baseStatus"": ""Antiga"", ""mattressColor"": ""Cinza"", ""mattressStatus"": ""Novo""}]"	Não	Sim	3	Não	Sim	Bom estado	Arandela		Philco	
724	700	Madeira		Reformado		Sim	Sim	Nova		Um lado	Sim	Bom estado	Midea	Bom estado	[]	"[{""type"": ""Casal"", ""hasSkirt"": false, ""baseColor"": ""Beje"", ""baseStatus"": ""Antiga"", ""mattressColor"": ""Bege"", ""mattressStatus"": ""Antigo""}, {""type"": ""Solteiro"", ""hasSkirt"": false, ""baseColor"": ""Beje"", ""baseStatus"": ""Antiga"", ""mattressColor"": ""Bege"", ""mattressStatus"": ""Antigo""}, {""type"": ""Solteiro"", ""hasSkirt"": false, ""baseColor"": ""Beje"", ""baseStatus"": ""Antiga"", ""mattressColor"": ""Bege"", ""mattressStatus"": ""Antigo""}]"	Não	Sim	3	Sim	Sim	Bom estado	Arandela		Samsung	
725	700	Madeira		Reformado		Sim	Sim			Um lado	Não		Midea	Bom estado	[]	"[{""type"": ""Casal"", ""hasSkirt"": false, ""baseColor"": ""Beje"", ""baseStatus"": ""Antiga"", ""mattressColor"": ""Bege"", ""mattressStatus"": ""Antigo""}, {""type"": ""Solteiro"", ""hasSkirt"": false, ""baseColor"": ""Beje"", ""baseStatus"": ""Antiga"", ""mattressColor"": ""Bege"", ""mattressStatus"": ""Antigo""}, {""type"": ""Solteiro"", ""hasSkirt"": false, ""baseColor"": ""Beje"", ""baseStatus"": ""Antiga"", ""mattressStatus"": ""Novo""}]"	Não	Sim	3	Sim	Sim	Bom estado	Arandela		Samsung	
726	700	Madeira	Tolerável	Antigo		Sim	Sim	Nova		Um lado	Sim	Bom estado	Midea	Bom estado	[]	"[{""type"": ""Casal"", ""hasSkirt"": false, ""baseColor"": ""Beje"", ""baseStatus"": ""Antiga"", ""mattressColor"": ""Cinza"", ""mattressStatus"": ""Antigo""}, {""type"": ""Solteiro"", ""hasSkirt"": false, ""baseColor"": ""Rosa"", ""baseStatus"": ""Antiga"", ""mattressColor"": ""Bege"", ""mattressStatus"": ""Antigo""}, {""type"": ""Solteiro"", ""hasSkirt"": false, ""baseStatus"": ""Nova"", ""mattressColor"": ""Bege"", ""mattressStatus"": ""Antigo""}]"	Não	Sim	3	Sim	Sim	Bom estado	Arandela		Toshiba	
727	700	Madeira	Tolerável	Antigo	Tolerável	Sim	Sim	Antiga		Um lado	Sim	Bom estado	Midea	Bom estado	[]	"[{""type"": ""Casal"", ""hasSkirt"": false, ""baseColor"": ""Beje"", ""baseStatus"": ""Antiga"", ""mattressStatus"": ""Novo""}, {""type"": ""Solteiro"", ""hasSkirt"": false, ""baseColor"": ""Beje"", ""baseStatus"": ""Antiga"", ""mattressColor"": ""Bege"", ""mattressStatus"": ""Antigo""}, {""type"": ""Solteiro"", ""hasSkirt"": false, ""baseColor"": ""Beje"", ""baseStatus"": ""Antiga"", ""mattressColor"": ""Cinza"", ""mattressStatus"": ""Antigo""}]"	Não	Sim	1	Sim	Sim	Bom estado	Arandela		Samsung	
728	700	Madeira		Reformado		Sim	Sim			Dois lados	Sim	Bom estado	Midea	Bom estado	[]	"[{""type"": ""Casal"", ""hasSkirt"": false, ""baseColor"": ""Beje"", ""baseStatus"": ""Antiga"", ""mattressStatus"": ""Novo""}, {""type"": ""Solteiro"", ""hasSkirt"": false, ""baseColor"": ""Beje"", ""baseStatus"": ""Antiga"", ""mattressStatus"": ""Novo""}, {""type"": ""Solteiro"", ""hasSkirt"": false, ""baseColor"": ""Beje"", ""baseStatus"": ""Antiga"", ""mattressStatus"": ""Novo""}]"	Não	Sim	4	Sim	Sim	Bom estado	Arandela		Samsung	
729	700	Granito				Não	Sim	Nova		Dois lados	Sim	Bom estado	Midea	Bom estado	[]	"[{""type"": ""Casal"", ""hasSkirt"": true, ""baseColor"": ""Beje"", ""baseStatus"": ""Antiga"", ""skirtColor"": ""Cinza"", ""mattressColor"": ""Bege"", ""mattressStatus"": ""Antigo""}, {""type"": ""Solteiro"", ""hasSkirt"": false, ""baseColor"": ""Cinza"", ""baseStatus"": ""Antiga"", ""mattressStatus"": ""Novo""}, {""type"": ""Solteiro"", ""hasSkirt"": true, ""baseStatus"": ""Nova"", ""skirtColor"": ""Cinza"", ""mattressColor"": ""Bege"", ""mattressStatus"": ""Antigo""}]"	Não	Sim	2	Sim	Sim	Bom estado	Arandela		Samsung	
730	700	Madeira		Reformado		Sim	Sim	Nova		Um lado	Sim	Manchado	Midea	Bom estado	[]	"[{""type"": ""Casal"", ""hasSkirt"": false, ""baseColor"": ""Beje"", ""baseStatus"": ""Antiga"", ""mattressColor"": ""Bege"", ""mattressStatus"": ""Antigo""}, {""type"": ""Solteiro"", ""hasSkirt"": false, ""baseColor"": ""Beje"", ""baseStatus"": ""Antiga"", ""mattressColor"": ""Cinza"", ""mattressStatus"": ""Antigo""}, {""type"": ""Solteiro"", ""hasSkirt"": false, ""baseColor"": ""Beje"", ""baseStatus"": ""Antiga"", ""mattressColor"": ""Bege"", ""mattressStatus"": ""Antigo""}]"	Não	Sim	3	Sim	Sim	Bom estado	Arandela		Philco	
732	700	Madeira		Reformado		Sim	Sim	Nova		Um lado	Sim	Bom estado	Midea	Bom estado	[]	"[{""type"": ""Casal"", ""hasSkirt"": false, ""baseColor"": ""Beje"", ""baseStatus"": ""Antiga"", ""mattressColor"": ""Bege"", ""mattressStatus"": ""Antigo""}, {""type"": ""Solteiro"", ""hasSkirt"": false, ""baseColor"": ""Beje"", ""baseStatus"": ""Antiga"", ""mattressStatus"": ""Novo""}, {""type"": ""Solteiro"", ""hasSkirt"": false, ""baseStatus"": ""Nova"", ""mattressStatus"": ""Novo""}]"	Não	Não	0	Sim	Sim	Bom estado	Arandela		Philco	
733	700	Granito		Reformado		Sim	Não				Sim	Bom estado	Gree	Bom estado	[]	"[{""type"": ""Casal"", ""hasSkirt"": true, ""baseStatus"": ""Nova"", ""skirtColor"": ""Cinza"", ""mattressStatus"": ""Novo""}, {""type"": ""Solteiro"", ""hasSkirt"": false, ""baseColor"": ""Cinza"", ""baseStatus"": ""Antiga"", ""mattressStatus"": ""Novo""}, {""type"": ""Solteiro"", ""hasSkirt"": false, ""baseColor"": ""Cinza"", ""baseStatus"": ""Antiga"", ""mattressStatus"": ""Novo""}]"	Sim	Sim	4	Sim	Sim		Arandela		Samsung	
734	700	Madeira		Reformado		Sim	Sim	Antiga		Um lado	Sim	Bom estado	Midea	Bom estado	[]	"[{""type"": ""Casal"", ""hasSkirt"": false, ""baseColor"": ""Beje"", ""baseStatus"": ""Antiga"", ""mattressStatus"": ""Novo""}, {""type"": ""Solteiro"", ""hasSkirt"": false, ""baseColor"": ""Beje"", ""baseStatus"": ""Antiga"", ""mattressStatus"": ""Novo""}, {""type"": ""Solteiro"", ""hasSkirt"": false, ""baseColor"": ""Beje"", ""baseStatus"": ""Antiga"", ""mattressStatus"": ""Novo""}]"	Sim	Sim	3	Sim	Sim	Bom estado			Samsung	
